date,nuclear,geo,bio,hydro,wind,solar,demand
1960,12053,718,2639742,3215951,0,0,84270432
1961,39356,2002,2589519,3312930,0,0,85518921
1962,52788,2122,2600484,3632280,0,0,89368508
1963,76294,3520,2646631,3542712,0,0,93067251
1964,79639,4264,2673606,3772628,0,0,97129499
1965,86329,3956,2669521,4118152,0,0,101215093
1966,128316,3916,2737971,4123035,0,0,107101238
1967,176912,6600,2680500,4693329,0,0,110328502
1968,283068,9064,2838992,4697256,0,0,117039988
1969,307444,12844,2880977,5295961,0,0,122761044
1970,478695,11022,2861922,5267094,0,0,126966426
1971,825878,11478,2864643,5648299,0,0,129064948
1972,1167503,30158,3006126,5727729,0,0,135478037
1973,1820355,40844,3058137,5722896,0,0,140785801
1974,2544168,51220,3079325,6353162,0,0,135668453
1975,3799596,67560,2997467,6309213,0,0,130730024
1976,4222241,75026,3426747,5952525,0,0,138269799
1977,5403522,74764,3676666,4666505,0,0,142007137
1978,6048252,61702,4075215,5873970,0,0,143600338
1979,5551656,80524,4303812,5861373,0,0,145703084
1980,5478339,105398,4943381,5800284,0,0,140098914
1981,6015177,118874,5199494,5515935,0,0,135596743
1982,6262296,101254,5329485,6531119,0,0,128033057
1983,6405097,127820,5808827,7054523,0,0,126534050
1984,7105062,161622,5943205,6771624,0,0,133139287
1985,8151127,194842,6032465,5940385,0,0,132615692
1986,8760216,215355,5864188,6142360,0,0,132315171
1987,9507866,224539,5755149,5269017,0,0,137126592
1988,11173935,212677,6032096,4668529,0,0,143342686
1989,11204322,323093,6318707,5674526,0,0,145960759
1990,12208698,341493,5473963,6092780,0,0,144943588
1991,12844265,355252,5563597,6031883,0,0,143965885
1992,12958412,357400,5863344,5234871,0,0,146972753
1993,12821004,371145,5812012,5783227,0,0,149994836
1994,13387752,346955,6055062,5366913,0,0,152881085
1995,14150872,304112,6202279,6410621,0,0,154979539
1996,14173348,326714,6313609,7179316,0,0,160047382
1997,13193983,333197,6205676,7280913,0,0,162371522
1998,14135616,336962,5854976,6594107,0,0,163068097
1999,15220516,343772,5926588,6535150,0,0,165132450
2000,15724696,328797,6016458,5622233,0,0,169777946
2001,16057707,328921,5250788,4483713,0,0,166158442
2002,16290859,342330,5397029,5378036,0,0,167772962
2003,15919244,346891,5609451,5585079,0,0,168487153
2004,16445547,356296,6009199,5376938,0,0,171963274
2005,16321620,361404,6201279,5405886,356176,0,172147682
2006,16429253,362396,6456813,5738068,527477,0,170051626
2007,16917174,371548,6877660,4892777,681006,0,173113767
2008,16852980,384867,7622932,5022216,1091096,0,168018860
2009,16710443,400371,7796036,5337648,1442257,0,158112488
2010,16868864,415959,8742630,5077082,1846856,180971,164044043
2011,16537398,424623,8838752,6205705,2335269,222262,161206980
2012,16123644,423183,8745393,5257402,2680118,313697,157288771
2013,16488866,428012,9283507,5124762,3202716,449045,161405347
2014,16675118,428981,9583057,4933152,3455086,673878,163060043
2015,16673774,423672,9359597,4642355,3554612,851454,161327241
2016,16853503,419207,9238416,4944886,3871342.518,1137332,159873947
2017,17116722.78,425757.0043,9314596.53,4941337.628,4192724.046,1188041,160006185.2
2018,17338698.67,433108.6715,9420030.039,4976573.173,4511807.876,1348314.143,160478404.6
2019,17590727.85,440217.6474,9535016.843,5006894.332,4832026.817,1508587.286,160784348.2
2020,17875300.25,447572.1133,9652115.542,5037838.202,5151684.989,1668860.429,161236343.3
2021,18155186.47,454977.4116,9769769.487,5068703.168,5471620.194,1829133.571,161669377.1
2022,18439178.86,462373.3447,9887557.967,5099578.132,5791418.538,1989406.714,162108607
2023,18733033.59,469773.3822,10005380.29,5130451.828,6111284.494,2149679.857,162534291.5
2024,19027881.15,477175.4243,10123210.98,5161325.686,6431117.049,2309953,162949678.4
2025,19323292.02,484577.2733,10241043.76,5192199.523,6750966.104,2470226.143,163354769.9
2026,19621332.06,491979.1522,10358877.05,5223073.362,7070807.008,2630499.286,163750991.8
2027,19920259.84,499381.0929,10476710.47,5253947.202,7390651.939,2790772.429,164138981.9
2028,20219359.32,506783.0332,10594543.92,5284821.041,7710494.881,2951045.571,164519173.3
2029,20519117.38,514184.9723,10712377.39,5315694.88,8030338.805,3111318.714,164891815.3
2030,20819261.41,521586.9129,10830210.85,5346568.719,8350182.244,3271591.857,165257113.4
2031,21119498.28,528988.8537,10948044.31,5377442.559,8670025.922,3431865,165615262.3
2032,21419900.32,536390.7944,11065877.78,5408316.398,8989869.482,3592138.143,165966459.2
2033,21720437.75,543792.7352,11183711.24,5439190.237,9309713.101,3752411.286,166310900.7
2034,22021021.28,551194.676,11301544.71,5470064.077,9629556.691,3912684.429,166648779.3
2035,22321649.11,558596.6168,11419378.17,5500937.916,9949400.295,4072957.571,166980281.3
2036,22622319.9,565998.5576,11537211.64,5531811.755,10269243.89,4233230.714,167305586.1
2037,22923010.25,573400.4983,11655045.1,5562685.594,10589087.49,4393503.857,167624866.1
2038,23223713.83,580802.4391,11772878.56,5593559.434,10908931.09,4553777,167938287.3
2039,23524430.44,588204.3799,11890712.03,5624433.273,11228774.69,4714050.143,168246009.4
2040,23825154.46,595606.3207,12008545.49,5655307.112,11548618.29,4874323.286,168548186.5
2041,24125882.8,603008.2615,12126378.96,5686180.952,11868461.89,5034596.429,168844967.1
2042,24426615.07,610410.2022,12244212.42,5717054.791,12188305.49,5194869.571,169136494.4
2043,24727349.94,617812.143,12362045.89,5747928.63,12508149.09,5355142.714,169422906.9
2044,25028086.29,625214.0838,12479879.35,5778802.469,12827992.69,5515415.857,169704337.8
2045,25328823.84,632616.0246,12597712.81,5809676.309,13147836.29,5675689,169980916
2046,25629562.26,640017.9654,12715546.28,5840550.148,13467679.89,5835962.143,170252766
2047,25930301.2,647419.9061,12833379.74,5871423.987,13787523.48,5996235.286,170520007.9
2048,26231040.51,654821.8469,12951213.21,5902297.827,14107367.08,6156508.429,170782758.1
2049,26531780.11,662223.7877,13069046.67,5933171.666,14427210.68,6316781.571,171041128.7
2050,26832519.88,669625.7285,13186880.14,5964045.505,14747054.28,6477054.714,171295228.3
2051,27133259.77,677027.6692,13304713.6,5994919.344,15066897.88,6637327.857,171545162.1
2052,27433999.76,684429.61,13422547.06,6025793.184,15386741.48,6797601,171791031.6
2053,27734739.81,691831.5508,13540380.53,6056667.023,15706585.08,6957874.143,172032935.1
2054,28035479.89,699233.4916,13658213.99,6087540.862,16026428.68,7118147.286,172270967.8
2055,28336220.01,706635.4324,13776047.46,6118414.702,16346272.28,7278420.429,172505222
2056,28636960.14,714037.3731,13893880.92,6149288.541,16666115.88,7438693.571,172735786.8
2057,28937700.29,721439.3139,14011714.39,6180162.38,16985959.48,7598966.714,172962748.7
2058,29238440.45,728841.2547,14129547.85,6211036.219,17305803.08,7759239.857,173186191.6
2059,29539180.61,736243.1955,14247381.31,6241910.059,17625646.68,7919513,173406196.7
2060,29839920.78,743645.1363,14365214.78,6272783.898,17945490.28,8079786.143,173622842.6
2061,30140660.95,751047.077,14483048.24,6303657.737,18265333.87,8240059.286,173836205.8
2062,30441401.13,758449.0178,14600881.71,6334531.577,18585177.47,8400332.429,174046360.3
2063,30742141.3,765850.9586,14718715.17,6365405.416,18905021.07,8560605.571,174253377.9
2064,31042881.48,773252.8994,14836548.64,6396279.255,19224864.67,8720878.714,174457328.3
2065,31343621.65,780654.8402,14954382.1,6427153.094,19544708.27,8881151.857,174658279.3
2066,31644361.83,788056.7809,15072215.56,6458026.934,19864551.87,9041425,174856296.4
2067,31945102.01,795458.7217,15190049.03,6488900.773,20184395.47,9201698.143,175051443.5
2068,32245842.19,802860.6625,15307882.49,6519774.612,20504239.07,9361971.286,175243782.6
2069,32546582.37,810262.6033,15425715.96,6550648.452,20824082.67,9522244.429,175433373.8
2070,32847322.54,817664.5441,15543549.42,6581522.291,21143926.27,9682517.571,175620275.5
2071,33148062.72,825066.4848,15661382.89,6612396.13,21463769.87,9842790.714,175804544.6
2072,33448802.9,832468.4256,15779216.35,6643269.969,21783613.47,10003063.86,175986236.4
2073,33749543.08,839870.3664,15897049.81,6674143.809,22103457.07,10163337,176165404.5
2074,34050283.26,847272.3072,16014883.28,6705017.648,22423300.67,10323610.14,176342101.1
2075,34351023.44,854674.248,16132716.74,6735891.487,22743144.26,10483883.29,176516377.1
2076,34651763.61,862076.1887,16250550.21,6766765.327,23062987.86,10644156.43,176688281.8
2077,34952503.79,869478.1295,16368383.67,6797639.166,23382831.46,10804429.57,176857863.3
2078,35253243.97,876880.0703,16486217.14,6828513.005,23702675.06,10964702.71,177025168.4
2079,35553984.15,884282.0111,16604050.6,6859386.844,24022518.66,11124975.86,177190242.6
2080,35854724.33,891683.9519,16721884.06,6890260.684,24342362.26,11285249,177353130.3
2081,36155464.51,899085.8926,16839717.53,6921134.523,24662205.86,11445522.14,177513874.5
2082,36456204.69,906487.8334,16957550.99,6952008.362,24982049.46,11605795.29,177672517.4
2083,36756944.86,913889.7742,17075384.46,6982882.202,25301893.06,11766068.43,177829099.9
2084,37057685.04,921291.715,17193217.92,7013756.041,25621736.66,11926341.57,177983661.8
2085,37358425.22,928693.6558,17311051.39,7044629.88,25941580.26,12086614.71,178136242
2086,37659165.4,936095.5965,17428884.85,7075503.719,26261423.86,12246887.86,178286878.4
2087,37959905.58,943497.5373,17546718.31,7106377.559,26581267.46,12407161,178435607.9
2088,38260645.76,950899.4781,17664551.78,7137251.398,26901111.06,12567434.14,178582466.5
2089,38561385.94,958301.4189,17782385.24,7168125.237,27220954.65,12727707.29,178727489.2
2090,38862126.11,965703.3597,17900218.71,7198999.077,27540798.25,12887980.43,178870710.3
2091,39162866.29,973105.3004,18018052.17,7229872.916,27860641.85,13048253.57,179012163.1
2092,39463606.47,980507.2412,18135885.64,7260746.755,28180485.45,13208526.71,179151880.1
2093,39764346.65,987909.182,18253719.1,7291620.594,28500329.05,13368799.86,179289893.3
2094,40065086.83,995311.1228,18371552.56,7322494.434,28820172.65,13529073,179426233.4
2095,40365827.01,1002713.064,18489386.03,7353368.273,29140016.25,13689346.14,179560930.8
2096,40666567.19,1010115.004,18607219.49,7384242.112,29459859.85,13849619.29,179694014.9
2097,40967307.36,1017516.945,18725052.96,7415115.952,29779703.45,14009892.43,179825514.6
2098,41268047.54,1024918.886,18842886.42,7445989.791,30099547.05,14170165.57,179955458
2099,41568787.72,1032320.827,18960719.89,7476863.63,30419390.65,14330438.71,180083872.6
2100,41869527.9,1039722.767,19078553.35,7507737.469,30739234.25,14490711.86,180210785.2
2101,42170268.08,1047124.708,19196386.81,7538611.309,31059077.85,14650985,180336221.9
2102,42471008.26,1054526.649,19314220.28,7569485.148,31378921.45,14811258.14,180460208.4
2103,42771748.44,1061928.59,19432053.74,7600358.987,31698765.04,14971531.29,180582769.7
2104,43072488.61,1069330.531,19549887.21,7631232.827,32018608.64,15131804.43,180703930.3
2105,43373228.79,1076732.471,19667720.67,7662106.666,32338452.24,15292077.57,180823713.9
2106,43673968.97,1084134.412,19785554.14,7692980.505,32658295.84,15452350.71,180942144
2107,43974709.15,1091536.353,19903387.6,7723854.344,32978139.44,15612623.86,181059243.3
2108,44275449.33,1098938.294,20021221.06,7754728.184,33297983.04,15772897,181175034.2
2109,44576189.51,1106340.234,20139054.53,7785602.023,33617826.64,15933170.14,181289538.4
2110,44876929.69,1113742.175,20256887.99,7816475.862,33937670.24,16093443.29,181402777.3
2111,45177669.86,1121144.116,20374721.46,7847349.702,34257513.84,16253716.43,181514771.8
2112,45478410.04,1128546.057,20492554.92,7878223.541,34577357.44,16413989.57,181625542.2
2113,45779150.22,1135947.998,20610388.39,7909097.38,34897201.04,16574262.71,181735108.6
2114,46079890.4,1143349.938,20728221.85,7939971.219,35217044.64,16734535.86,181843490.3
2115,46380630.58,1150751.879,20846055.31,7970845.059,35536888.24,16894809,181950706.7
2116,46681370.76,1158153.82,20963888.78,8001718.898,35856731.84,17055082.14,182056776.2
2117,46982110.94,1165555.761,21081722.24,8032592.737,36176575.43,17215355.29,182161717.3
2118,47282851.11,1172957.701,21199555.71,8063466.577,36496419.03,17375628.43,182265547.8
2119,47583591.29,1180359.642,21317389.17,8094340.416,36816262.63,17535901.57,182368285.4
2120,47884331.47,1187761.583,21435222.64,8125214.255,37136106.23,17696174.71,182469947.1
2121,48185071.65,1195163.524,21553056.1,8156088.094,37455949.83,17856447.86,182570549.7
2122,48485811.83,1202565.465,21670889.56,8186961.934,37775793.43,18016721,182670109.8
2123,48786552.01,1209967.405,21788723.03,8217835.773,38095637.03,18176994.14,182768643.5
2124,49087292.19,1217369.346,21906556.49,8248709.612,38415480.63,18337267.29,182866166.5
2125,49388032.36,1224771.287,22024389.96,8279583.452,38735324.23,18497540.43,182962694.3
2126,49688772.54,1232173.228,22142223.42,8310457.291,39055167.83,18657813.57,183058242.1
2127,49989512.72,1239575.168,22260056.89,8341331.13,39375011.43,18818086.71,183152824.7
2128,50290252.9,1246977.109,22377890.35,8372204.969,39694855.03,18978359.86,183246456.7
2129,50590993.08,1254379.05,22495723.81,8403078.809,40014698.63,19138633,183339152.3
2130,50891733.26,1261780.991,22613557.28,8433952.648,40334542.23,19298906.14,183430925.5
2131,51192473.44,1269182.932,22731390.74,8464826.487,40654385.83,19459179.29,183521790
2132,51493213.61,1276584.872,22849224.21,8495700.327,40974229.42,19619452.43,183611759.3
2133,51793953.79,1283986.813,22967057.67,8526574.166,41294073.02,19779725.57,183700846.5
2134,52094693.97,1291388.754,23084891.14,8557448.005,41613916.62,19939998.71,183789064.5
2135,52395434.15,1298790.695,23202724.6,8588321.844,41933760.22,20100271.86,183876425.9
2136,52696174.33,1306192.636,23320558.06,8619195.684,42253603.82,20260545,183962943.3
2137,52996914.51,1313594.576,23438391.53,8650069.523,42573447.42,20420818.14,184048628.7
2138,53297654.69,1320996.517,23556224.99,8680943.362,42893291.02,20581091.29,184133494.1
2139,53598394.86,1328398.458,23674058.46,8711817.202,43213134.62,20741364.43,184217551.3
2140,53899135.04,1335800.399,23791891.92,8742691.041,43532978.22,20901637.57,184300811.6
2141,54199875.22,1343202.339,23909725.39,8773564.88,43852821.82,21061910.71,184383286.5
2142,54500615.4,1350604.28,24027558.85,8804438.719,44172665.42,21222183.86,184464986.8
2143,54801355.58,1358006.221,24145392.31,8835312.559,44492509.02,21382457,184545923.6
2144,55102095.76,1365408.162,24263225.78,8866186.398,44812352.62,21542730.14,184626107.5
2145,55402835.94,1372810.103,24381059.24,8897060.237,45132196.22,21703003.29,184705548.9
2146,55703576.11,1380212.043,24498892.71,8927934.077,45452039.81,21863276.43,184784258.1
2147,56004316.29,1387613.984,24616726.17,8958807.916,45771883.41,22023549.57,184862245.1
2148,56305056.47,1395015.925,24734559.64,8989681.755,46091727.01,22183822.71,184939519.9
2149,56605796.65,1402417.866,24852393.1,9020555.594,46411570.61,22344095.86,185016092.2
2150,56906536.83,1409819.806,24970226.56,9051429.434,46731414.21,22504369,185091971.5
2151,57207277.01,1417221.747,25088060.03,9082303.273,47051257.81,22664642.14,185167167.1
2152,57508017.19,1424623.688,25205893.49,9113177.112,47371101.41,22824915.29,185241688.3
2153,57808757.36,1432025.629,25323726.96,9144050.952,47690945.01,22985188.43,185315544.1
2154,58109497.54,1439427.57,25441560.42,9174924.791,48010788.61,23145461.57,185388743.4
2155,58410237.72,1446829.51,25559393.89,9205798.63,48330632.21,23305734.71,185461294.9
2156,58710977.9,1454231.451,25677227.35,9236672.469,48650475.81,23466007.86,185533207.2
2157,59011718.08,1461633.392,25795060.81,9267546.309,48970319.41,23626281,185604488.6
2158,59312458.26,1469035.333,25912894.28,9298420.148,49290163.01,23786554.14,185675147.4
2159,59613198.44,1476437.273,26030727.74,9329293.987,49610006.61,23946827.29,185745191.8
2160,59913938.61,1483839.214,26148561.21,9360167.827,49929850.2,24107100.43,185814629.7
2161,60214678.79,1491241.155,26266394.67,9391041.666,50249693.8,24267373.57,185883468.9
2162,60515418.97,1498643.096,26384228.14,9421915.505,50569537.4,24427646.71,185951717.3
2163,60816159.15,1506045.037,26502061.6,9452789.344,50889381,24587919.86,186019382.3
2164,61116899.33,1513446.977,26619895.06,9483663.184,51209224.6,24748193,186086471.4
2165,61417639.51,1520848.918,26737728.53,9514537.023,51529068.2,24908466.14,186152992
2166,61718379.69,1528250.859,26855561.99,9545410.862,51848911.8,25068739.29,186218951.1
2167,62019119.86,1535652.8,26973395.46,9576284.702,52168755.4,25229012.43,186284356
2168,62319860.04,1543054.74,27091228.92,9607158.541,52488599,25389285.57,186349213.5
2169,62620600.22,1550456.681,27209062.39,9638032.38,52808442.6,25549558.71,186413530.5
2170,62921340.4,1557858.622,27326895.85,9668906.219,53128286.2,25709831.86,186477313.7
2171,63222080.58,1565260.563,27444729.31,9699780.059,53448129.8,25870105,186540569.8
2172,63522820.76,1572662.504,27562562.78,9730653.898,53767973.4,26030378.14,186603305.3
2173,63823560.94,1580064.444,27680396.24,9761527.737,54087817,26190651.29,186665526.5
2174,64124301.11,1587466.385,27798229.71,9792401.577,54407660.59,26350924.43,186727239.7
2175,64425041.29,1594868.326,27916063.17,9823275.416,54727504.19,26511197.57,186788451.2
2176,64725781.47,1602270.267,28033896.64,9854149.255,55047347.79,26671470.71,186849167
2177,65026521.65,1609672.207,28151730.1,9885023.094,55367191.39,26831743.86,186909393.2
2178,65327261.83,1617074.148,28269563.56,9915896.934,55687034.99,26992017,186969135.6
2179,65628002.01,1624476.089,28387397.03,9946770.773,56006878.59,27152290.14,187028400
2180,65928742.19,1631878.03,28505230.49,9977644.612,56326722.19,27312563.29,187087192.2
2181,66229482.36,1639279.971,28623063.96,10008518.45,56646565.79,27472836.43,187145517.8
2182,66530222.54,1646681.911,28740897.42,10039392.29,56966409.39,27633109.57,187203382.3
2183,66830962.72,1654083.852,28858730.89,10070266.13,57286252.99,27793382.71,187260791.1
2184,67131702.9,1661485.793,28976564.35,10101139.97,57606096.59,27953655.86,187317749.7
2185,67432443.08,1668887.734,29094397.81,10132013.81,57925940.19,28113929,187374263.2
2186,67733183.26,1676289.674,29212231.28,10162887.65,58245783.79,28274202.14,187430337
2187,68033923.44,1683691.615,29330064.74,10193761.49,58565627.39,28434475.29,187485976
2188,68334663.61,1691093.556,29447898.21,10224635.33,58885470.98,28594748.43,187541185.4
2189,68635403.79,1698495.497,29565731.67,10255509.17,59205314.58,28755021.57,187595970.1
2190,68936143.97,1705897.438,29683565.14,10286383.01,59525158.18,28915294.71,187650334.9
2191,69236884.15,1713299.378,29801398.6,10317256.84,59845001.78,29075567.86,187704284.8
2192,69537624.33,1720701.319,29919232.06,10348130.68,60164845.38,29235841,187757824.3
2193,69838364.51,1728103.26,30037065.53,10379004.52,60484688.98,29396114.14,187810958.3
2194,70139104.69,1735505.201,30154898.99,10409878.36,60804532.58,29556387.29,187863691.2
2195,70439844.86,1742907.142,30272732.46,10440752.2,61124376.18,29716660.43,187916027.6
2196,70740585.04,1750309.082,30390565.92,10471626.04,61444219.78,29876933.57,187967972
2197,71041325.22,1757711.023,30508399.39,10502499.88,61764063.38,30037206.71,188019528.7
2198,71342065.4,1765112.964,30626232.85,10533373.72,62083906.98,30197479.86,188070702.1
2199,71642805.58,1772514.905,30744066.31,10564247.56,62403750.58,30357753,188121496.4
2200,71943545.76,1779916.845,30861899.78,10595121.4,62723594.18,30518026.14,188171915.8
2201,72244285.94,1787318.786,30979733.24,10625995.24,63043437.78,30678299.29,188221964.4
2202,72545026.11,1794720.727,31097566.71,10656869.08,63363281.37,30838572.43,188271646.4
2203,72845766.29,1802122.668,31215400.17,10687742.92,63683124.97,30998845.57,188320965.8
2204,73146506.47,1809524.609,31333233.64,10718616.76,64002968.57,31159118.71,188369926.4
2205,73447246.65,1816926.549,31451067.1,10749490.59,64322812.17,31319391.86,188418532.3
2206,73747986.83,1824328.49,31568900.56,10780364.43,64642655.77,31479665,188466787.2
2207,74048727.01,1831730.431,31686734.03,10811238.27,64962499.37,31639938.14,188514694.9
2208,74349467.19,1839132.372,31804567.49,10842112.11,65282342.97,31800211.29,188562259.2
2209,74650207.36,1846534.312,31922400.96,10872985.95,65602186.57,31960484.43,188609483.7
2210,74950947.54,1853936.253,32040234.42,10903859.79,65922030.17,32120757.57,188656372.1
2211,75251687.72,1861338.194,32158067.89,10934733.63,66241873.77,32281030.71,188702927.9
2212,75552427.9,1868740.135,32275901.35,10965607.47,66561717.37,32441303.86,188749154.8
2213,75853168.08,1876142.076,32393734.81,10996481.31,66881560.97,32601577,188795056
2214,76153908.26,1883544.016,32511568.28,11027355.15,67201404.57,32761850.14,188840635.2
2215,76454648.44,1890945.957,32629401.74,11058228.99,67521248.17,32922123.29,188885895.5
2216,76755388.61,1898347.898,32747235.21,11089102.83,67841091.76,33082396.43,188930840.5
2217,77056128.79,1905749.839,32865068.67,11119976.67,68160935.36,33242669.57,188975473.4
2218,77356868.97,1913151.779,32982902.14,11150850.51,68480778.96,33402942.71,189019797.3
2219,77657609.15,1920553.72,33100735.6,11181724.34,68800622.56,33563215.86,189063815.6
2220,77958349.33,1927955.661,33218569.06,11212598.18,69120466.16,33723489,189107531.3
2221,78259089.51,1935357.602,33336402.53,11243472.02,69440309.76,33883762.14,189150947.6
2222,78559829.69,1942759.543,33454235.99,11274345.86,69760153.36,34044035.29,189194067.5
2223,78860569.86,1950161.483,33572069.46,11305219.7,70079996.96,34204308.43,189236894.1
2224,79161310.04,1957563.424,33689902.92,11336093.54,70399840.56,34364581.57,189279430.3
2225,79462050.22,1964965.365,33807736.39,11366967.38,70719684.16,34524854.71,189321679.1
2226,79762790.4,1972367.306,33925569.85,11397841.22,71039527.76,34685127.86,189363643.4
2227,80063530.58,1979769.246,34043403.31,11428715.06,71359371.36,34845401,189405326.1
2228,80364270.76,1987171.187,34161236.78,11459588.9,71679214.96,35005674.14,189446729.9
2229,80665010.94,1994573.128,34279070.24,11490462.74,71999058.56,35165947.29,189487857.7
2230,80965751.11,2001975.069,34396903.71,11521336.58,72318902.15,35326220.43,189528712.2
2231,81266491.29,2009377.01,34514737.17,11552210.42,72638745.75,35486493.57,189569296.1
2232,81567231.47,2016778.95,34632570.64,11583084.26,72958589.35,35646766.71,189609612.2
2233,81867971.65,2024180.891,34750404.1,11613958.09,73278432.95,35807039.86,189649663
2234,82168711.83,2031582.832,34868237.56,11644831.93,73598276.55,35967313,189689451.1
2235,82469452.01,2038984.773,34986071.03,11675705.77,73918120.15,36127586.14,189728979.2
2236,82770192.19,2046386.713,35103904.49,11706579.61,74237963.75,36287859.29,189768249.8
2237,83070932.36,2053788.654,35221737.96,11737453.45,74557807.35,36448132.43,189807265.4
2238,83371672.54,2061190.595,35339571.42,11768327.29,74877650.95,36608405.57,189846028.4
2239,83672412.72,2068592.536,35457404.89,11799201.13,75197494.55,36768678.71,189884541.3
2240,83973152.9,2075994.477,35575238.35,11830074.97,75517338.15,36928951.86,189922806.6
2241,84273893.08,2083396.417,35693071.81,11860948.81,75837181.75,37089225,189960826.6
2242,84574633.26,2090798.358,35810905.28,11891822.65,76157025.35,37249498.14,189998603.6
2243,84875373.44,2098200.299,35928738.74,11922696.49,76476868.95,37409771.29,190036140
2244,85176113.61,2105602.24,36046572.21,11953570.33,76796712.54,37570044.43,190073438
2245,85476853.79,2113004.18,36164405.67,11984444.17,77116556.14,37730317.57,190110500
2246,85777593.97,2120406.121,36282239.14,12015318.01,77436399.74,37890590.71,190147328.2
2247,86078334.15,2127808.062,36400072.6,12046191.84,77756243.34,38050863.86,190183924.7
2248,86379074.33,2135210.003,36517906.06,12077065.68,78076086.94,38211137,190220291.7
2249,86679814.51,2142611.944,36635739.53,12107939.52,78395930.54,38371410.14,190256431.5
2250,86980554.69,2150013.884,36753572.99,12138813.36,78715774.14,38531683.29,190292346.1
2251,87281294.86,2157415.825,36871406.46,12169687.2,79035617.74,38691956.43,190328037.6
2252,87582035.04,2164817.766,36989239.92,12200561.04,79355461.34,38852229.57,190363508.1
2253,87882775.22,2172219.707,37107073.39,12231434.88,79675304.94,39012502.71,190398759.6
2254,88183515.4,2179621.648,37224906.85,12262308.72,79995148.54,39172775.86,190433794.2
2255,88484255.58,2187023.588,37342740.31,12293182.56,80314992.14,39333049,190468613.9
2256,88784995.76,2194425.529,37460573.78,12324056.4,80634835.74,39493322.14,190503220.6
2257,89085735.94,2201827.47,37578407.24,12354930.24,80954679.34,39653595.29,190537616.2
2258,89386476.11,2209229.411,37696240.71,12385804.08,81274522.93,39813868.43,190571802.8
2259,89687216.29,2216631.351,37814074.17,12416677.92,81594366.53,39974141.57,190605782.2
2260,89987956.47,2224033.292,37931907.64,12447551.76,81914210.13,40134414.71,190639556.2
2261,90288696.65,2231435.233,38049741.1,12478425.59,82234053.73,40294687.86,190673126.8
2262,90589436.83,2238837.174,38167574.56,12509299.43,82553897.33,40454961,190706495.8
2263,90890177.01,2246239.115,38285408.03,12540173.27,82873740.93,40615234.14,190739664.9
2264,91190917.19,2253641.055,38403241.49,12571047.11,83193584.53,40775507.29,190772636
2265,91491657.36,2261042.996,38521074.96,12601920.95,83513428.13,40935780.43,190805410.8
2266,91792397.54,2268444.937,38638908.42,12632794.79,83833271.73,41096053.57,190837991.2
2267,92093137.72,2275846.878,38756741.89,12663668.63,84153115.33,41256326.71,190870378.7
2268,92393877.9,2283248.818,38874575.35,12694542.47,84472958.93,41416599.86,190902575.2
2269,92694618.08,2290650.759,38992408.81,12725416.31,84792802.53,41576873,190934582.2
2270,92995358.26,2298052.7,39110242.28,12756290.15,85112646.13,41737146.14,190966401.5
2271,93296098.44,2305454.641,39228075.74,12787163.99,85432489.73,41897419.29,190998034.8
2272,93596838.61,2312856.582,39345909.21,12818037.83,85752333.33,42057692.43,191029483.6
2273,93897578.79,2320258.522,39463742.67,12848911.67,86072176.92,42217965.57,191060749.5
2274,94198318.97,2327660.463,39581576.14,12879785.51,86392020.52,42378238.71,191091834.2
2275,94499059.15,2335062.404,39699409.6,12910659.34,86711864.12,42538511.86,191122739.2
2276,94799799.33,2342464.345,39817243.06,12941533.18,87031707.72,42698785,191153466.1
2277,95100539.51,2349866.285,39935076.53,12972407.02,87351551.32,42859058.14,191184016.3
2278,95401279.69,2357268.226,40052909.99,13003280.86,87671394.92,43019331.29,191214391.5
2279,95702019.86,2364670.167,40170743.46,13034154.7,87991238.52,43179604.43,191244593.1
2280,96002760.04,2372072.108,40288576.92,13065028.54,88311082.12,43339877.57,191274622.7
2281,96303500.22,2379474.049,40406410.39,13095902.38,88630925.72,43500150.71,191304481.6
2282,96604240.4,2386875.989,40524243.85,13126776.22,88950769.32,43660423.86,191334171.3
2283,96904980.58,2394277.93,40642077.31,13157650.06,89270612.92,43820697,191363693.2
2284,97205720.76,2401679.871,40759910.78,13188523.9,89590456.52,43980970.14,191393048.9
2285,97506460.94,2409081.812,40877744.24,13219397.74,89910300.12,44141243.29,191422239.6
2286,97807201.11,2416483.752,40995577.71,13250271.58,90230143.72,44301516.43,191451266.8
2287,98107941.29,2423885.693,41113411.17,13281145.42,90549987.31,44461789.57,191480131.8
2288,98408681.47,2431287.634,41231244.64,13312019.26,90869830.91,44622062.71,191508836
2289,98709421.65,2438689.575,41349078.1,13342893.09,91189674.51,44782335.86,191537380.8
2290,99010161.83,2446091.516,41466911.56,13373766.93,91509518.11,44942609,191565767.4
2291,99310902.01,2453493.456,41584745.03,13404640.77,91829361.71,45102882.14,191593997.1
2292,99611642.19,2460895.397,41702578.49,13435514.61,92149205.31,45263155.29,191622071.3
2293,99912382.36,2468297.338,41820411.96,13466388.45,92469048.91,45423428.43,191649991.3
2294,100213122.5,2475699.279,41938245.42,13497262.29,92788892.51,45583701.57,191677758.2
2295,100513862.7,2483101.219,42056078.89,13528136.13,93108736.11,45743974.71,191705373.5
2296,100814602.9,2490503.16,42173912.35,13559009.97,93428579.71,45904247.86,191732838.2
2297,101115343.1,2497905.101,42291745.81,13589883.81,93748423.31,46064521,191760153.6
2298,101416083.3,2505307.042,42409579.28,13620757.65,94068266.91,46224794.14,191787321.1
2299,101716823.4,2512708.983,42527412.74,13651631.49,94388110.51,46385067.29,191814341.6
2300,102017563.6,2520110.923,42645246.21,13682505.33,94707954.11,46545340.43,191841216.5
2301,102318303.8,2527512.864,42763079.67,13713379.17,95027797.7,46705613.57,191867946.9
2302,102619044,2534914.805,42880913.14,13744253.01,95347641.3,46865886.71,191894533.9
2303,102919784.2,2542316.746,42998746.6,13775126.84,95667484.9,47026159.86,191920978.8
2304,103220524.3,2549718.686,43116580.06,13806000.68,95987328.5,47186433,191947282.7
2305,103521264.5,2557120.627,43234413.53,13836874.52,96307172.1,47346706.14,191973446.6
2306,103822004.7,2564522.568,43352246.99,13867748.36,96627015.7,47506979.29,191999471.7
2307,104122744.9,2571924.509,43470080.46,13898622.2,96946859.3,47667252.43,192025359.1
2308,104423485,2579326.45,43587913.92,13929496.04,97266702.9,47827525.57,192051109.9
2309,104724225.2,2586728.39,43705747.39,13960369.88,97586546.5,47987798.71,192076725.2
2310,105024965.4,2594130.331,43823580.85,13991243.72,97906390.1,48148071.86,192102206
2311,105325705.6,2601532.272,43941414.31,14022117.56,98226233.7,48308345,192127553.4
2312,105626445.8,2608934.213,44059247.78,14052991.4,98546077.3,48468618.14,192152768.4
2313,105927185.9,2616336.153,44177081.24,14083865.24,98865920.9,48628891.29,192177852.1
2314,106227926.1,2623738.094,44294914.71,14114739.08,99185764.5,48789164.43,192202805.5
2315,106528666.3,2631140.035,44412748.17,14145612.92,99505608.09,48949437.57,192227629.5
2316,106829406.5,2638541.976,44530581.64,14176486.76,99825451.69,49109710.71,192252325.3
2317,107130146.7,2645943.917,44648415.1,14207360.59,100145295.3,49269983.86,192276893.8
2318,107430886.8,2653345.857,44766248.56,14238234.43,100465138.9,49430257,192301336
2319,107731627,2660747.798,44884082.03,14269108.27,100784982.5,49590530.14,192325652.8
2320,108032367.2,2668149.739,45001915.49,14299982.11,101104826.1,49750803.29,192349845.3
2321,108333107.4,2675551.68,45119748.96,14330855.95,101424669.7,49911076.43,192373914.3
2322,108633847.5,2682953.621,45237582.42,14361729.79,101744513.3,50071349.57,192397860.8
2323,108934587.7,2690355.561,45355415.89,14392603.63,102064356.9,50231622.71,192421685.7
2324,109235327.9,2697757.502,45473249.35,14423477.47,102384200.5,50391895.86,192445390.1
2325,109536068.1,2705159.443,45591082.81,14454351.31,102704044.1,50552169,192468974.7
2326,109836808.3,2712561.384,45708916.28,14485225.15,103023887.7,50712442.14,192492440.4
2327,110137548.4,2719963.324,45826749.74,14516098.99,103343731.3,50872715.29,192515788.3
2328,110438288.6,2727365.265,45944583.21,14546972.83,103663574.9,51032988.43,192539019.1
2329,110739028.8,2734767.206,46062416.67,14577846.67,103983418.5,51193261.57,192562133.8
2330,111039769,2742169.147,46180250.14,14608720.51,104303262.1,51353534.71,192585133.2
2331,111340509.2,2749571.088,46298083.6,14639594.34,104623105.7,51513807.86,192608018.1
2332,111641249.3,2756973.028,46415917.06,14670468.18,104942949.3,51674081,192630789.5
2333,111941989.5,2764374.969,46533750.53,14701342.02,105262792.9,51834354.14,192653448.1
2334,112242729.7,2771776.91,46651583.99,14732215.86,105582636.5,51994627.29,192675994.9
2335,112543469.9,2779178.851,46769417.46,14763089.7,105902480.1,52154900.43,192698430.6
2336,112844210,2786580.791,46887250.92,14793963.54,106222323.7,52315173.57,192720756
2337,113144950.2,2793982.732,47005084.39,14824837.38,106542167.3,52475446.71,192742972
2338,113445690.4,2801384.673,47122917.85,14855711.22,106862010.9,52635719.86,192765079.3
2339,113746430.6,2808786.614,47240751.31,14886585.06,107181854.5,52795993,192787078.8
2340,114047170.8,2816188.555,47358584.78,14917458.9,107501698.1,52956266.14,192808971.3
2341,114347910.9,2823590.495,47476418.24,14948332.74,107821541.7,53116539.29,192830757.4
2342,114648651.1,2830992.436,47594251.71,14979206.58,108141385.3,53276812.43,192852438.1
2343,114949391.3,2838394.377,47712085.17,15010080.42,108461228.9,53437085.57,192874014
2344,115250131.5,2845796.318,47829918.64,15040954.26,108781072.5,53597358.71,192895486
2345,115550871.7,2853198.258,47947752.1,15071828.09,109100916.1,53757631.86,192916854.7
2346,115851611.8,2860600.199,48065585.56,15102701.93,109420759.7,53917905,192938120.9
2347,116152352,2868002.14,48183419.03,15133575.77,109740603.3,54078178.14,192959285.4
2348,116453092.2,2875404.081,48301252.49,15164449.61,110060446.9,54238451.29,192980348.8
2349,116753832.4,2882806.022,48419085.96,15195323.45,110380290.5,54398724.43,193001311.9
2350,117054572.5,2890207.962,48536919.42,15226197.29,110700134.1,54558997.57,193022175.5
2351,117355312.7,2897609.903,48654752.89,15257071.13,111019977.7,54719270.71,193042940.1
2352,117656052.9,2905011.844,48772586.35,15287944.97,111339821.3,54879543.86,193063606.6
2353,117956793.1,2912413.785,48890419.81,15318818.81,111659664.9,55039817,193084175.6
2354,118257533.3,2919815.725,49008253.28,15349692.65,111979508.5,55200090.14,193104647.8
2355,118558273.4,2927217.666,49126086.74,15380566.49,112299352.1,55360363.29,193125023.9
2356,118859013.6,2934619.607,49243920.21,15411440.33,112619195.7,55520636.43,193145304.5
2357,119159753.8,2942021.548,49361753.67,15442314.17,112939039.3,55680909.57,193165490.4
2358,119460494,2949423.489,49479587.14,15473188.01,113258882.9,55841182.71,193185582.2
2359,119761234.2,2956825.429,49597420.6,15504061.84,113578726.5,56001455.86,193205580.5
2360,120061974.3,2964227.37,49715254.06,15534935.68,113898570.1,56161729,193225486
2361,120362714.5,2971629.311,49833087.53,15565809.52,114218413.7,56322002.14,193245299.3
2362,120663454.7,2979031.252,49950920.99,15596683.36,114538257.3,56482275.29,193265021.2
2363,120964194.9,2986433.192,50068754.46,15627557.2,114858100.9,56642548.43,193284652.1
2364,121264935,2993835.133,50186587.92,15658431.04,115177944.5,56802821.57,193304192.8
2365,121565675.2,3001237.074,50304421.39,15689304.88,115497788.1,56963094.71,193323643.8
2366,121866415.4,3008639.015,50422254.85,15720178.72,115817631.7,57123367.86,193343005.9
2367,122167155.6,3016040.956,50540088.31,15751052.56,116137475.3,57283641,193362279.5
2368,122467895.8,3023442.896,50657921.78,15781926.4,116457318.9,57443914.14,193381465.3
2369,122768635.9,3030844.837,50775755.24,15812800.24,116777162.5,57604187.29,193400563.9
2370,123069376.1,3038246.778,50893588.71,15843674.08,117097006.1,57764460.43,193419575.9
2371,123370116.3,3045648.719,51011422.17,15874547.92,117416849.7,57924733.57,193438501.8
2372,123670856.5,3053050.659,51129255.64,15905421.76,117736693.3,58085006.71,193457342.3
2373,123971596.7,3060452.6,51247089.1,15936295.59,118056536.9,58245279.86,193476097.9
2374,124272336.8,3067854.541,51364922.56,15967169.43,118376380.5,58405553,193494769.3
2375,124573077,3075256.482,51482756.03,15998043.27,118696224.1,58565826.14,193513356.9
2376,124873817.2,3082658.423,51600589.49,16028917.11,119016067.7,58726099.29,193531861.3
2377,125174557.4,3090060.363,51718422.96,16059790.95,119335911.3,58886372.43,193550283.1
2378,125475297.5,3097462.304,51836256.42,16090664.79,119655754.8,59046645.57,193568622.9
2379,125776037.7,3104864.245,51954089.89,16121538.63,119975598.4,59206918.71,193586881.2
2380,126076777.9,3112266.186,52071923.35,16152412.47,120295442,59367191.86,193605058.4
2381,126377518.1,3119668.127,52189756.81,16183286.31,120615285.6,59527465,193623155.3
2382,126678258.3,3127070.067,52307590.28,16214160.15,120935129.2,59687738.14,193641172.2
2383,126978998.4,3134472.008,52425423.74,16245033.99,121254972.8,59848011.29,193659109.8
2384,127279738.6,3141873.949,52543257.21,16275907.83,121574816.4,60008284.43,193676968.6
2385,127580478.8,3149275.89,52661090.67,16306781.67,121894660,60168557.57,193694749
2386,127881219,3156677.83,52778924.14,16337655.51,122214503.6,60328830.71,193712451.6
2387,128181959.2,3164079.771,52896757.6,16368529.34,122534347.2,60489103.86,193730076.8
2388,128482699.3,3171481.712,53014591.06,16399403.18,122854190.8,60649377,193747625.3
2389,128783439.5,3178883.653,53132424.53,16430277.02,123174034.4,60809650.14,193765097.5
2390,129084179.7,3186285.594,53250257.99,16461150.86,123493878,60969923.29,193782493.9
2391,129384919.9,3193687.534,53368091.46,16492024.7,123813721.6,61130196.43,193799815
2392,129685660,3201089.475,53485924.92,16522898.54,124133565.2,61290469.57,193817061.2
2393,129986400.2,3208491.416,53603758.39,16553772.38,124453408.8,61450742.71,193834233.1
2394,130287140.4,3215893.357,53721591.85,16584646.22,124773252.4,61611015.86,193851331.2
2395,130587880.6,3223295.297,53839425.31,16615520.06,125093096,61771289,193868355.8
2396,130888620.8,3230697.238,53957258.78,16646393.9,125412939.6,61931562.14,193885307.6
2397,131189360.9,3238099.179,54075092.24,16677267.74,125732783.2,62091835.29,193902186.9
2398,131490101.1,3245501.12,54192925.71,16708141.58,126052626.8,62252108.43,193918994.2
2399,131790841.3,3252903.061,54310759.17,16739015.42,126372470.4,62412381.57,193935730
2400,132091581.5,3260305.001,54428592.64,16769889.26,126692314,62572654.71,193952394.8
2401,132392321.7,3267706.942,54546426.1,16800763.09,127012157.6,62732927.86,193968988.9
2402,132693061.8,3275108.883,54664259.56,16831636.93,127332001.2,62893201,193985512.8
2403,132993802,3282510.824,54782093.03,16862510.77,127651844.8,63053474.14,194001967.1
2404,133294542.2,3289912.764,54899926.49,16893384.61,127971688.4,63213747.29,194018352
2405,133595282.4,3297314.705,55017759.96,16924258.45,128291532,63374020.43,194034668.1
2406,133896022.5,3304716.646,55135593.42,16955132.29,128611375.6,63534293.57,194050915.8
2407,134196762.7,3312118.587,55253426.89,16986006.13,128931219.2,63694566.71,194067095.5
2408,134497502.9,3319520.528,55371260.35,17016879.97,129251062.8,63854839.86,194083207.7
2409,134798243.1,3326922.468,55489093.81,17047753.81,129570906.4,64015113,194099252.7
2410,135098983.3,3334324.409,55606927.28,17078627.65,129890750,64175386.14,194115231
2411,135399723.4,3341726.35,55724760.74,17109501.49,130210593.6,64335659.29,194131143
2412,135700463.6,3349128.291,55842594.21,17140375.33,130530437.2,64495932.43,194146989.1
2413,136001203.8,3356530.231,55960427.67,17171249.17,130850280.8,64656205.57,194162769.7
2414,136301944,3363932.172,56078261.14,17202123.01,131170124.4,64816478.71,194178485.3
2415,136602684.2,3371334.113,56196094.6,17232996.84,131489968,64976751.86,194194136.2
2416,136903424.3,3378736.054,56313928.06,17263870.68,131809811.6,65137025,194209722.8
2417,137204164.5,3386137.995,56431761.53,17294744.52,132129655.2,65297298.14,194225245.5
2418,137504904.7,3393539.935,56549594.99,17325618.36,132449498.8,65457571.29,194240704.7
2419,137805644.9,3400941.876,56667428.46,17356492.2,132769342.4,65617844.43,194256100.9
2420,138106385,3408343.817,56785261.92,17387366.04,133089186,65778117.57,194271434.3
2421,138407125.2,3415745.758,56903095.39,17418239.88,133409029.6,65938390.71,194286705.4
2422,138707865.4,3423147.698,57020928.85,17449113.72,133728873.2,66098663.86,194301914.5
2423,139008605.6,3430549.639,57138762.31,17479987.56,134048716.8,66258937,194317062
2424,139309345.8,3437951.58,57256595.78,17510861.4,134368560.4,66419210.14,194332148.4
2425,139610085.9,3445353.521,57374429.24,17541735.24,134688404,66579483.29,194347173.9
2426,139910826.1,3452755.462,57492262.71,17572609.08,135008247.6,66739756.43,194362139
2427,140211566.3,3460157.402,57610096.17,17603482.92,135328091.2,66900029.57,194377043.9
2428,140512306.5,3467559.343,57727929.64,17634356.76,135647934.8,67060302.71,194391889.1
2429,140813046.7,3474961.284,57845763.1,17665230.59,135967778.4,67220575.86,194406675
2430,141113786.8,3482363.225,57963596.56,17696104.43,136287622,67380849,194421401.8
2431,141414527,3489765.165,58081430.03,17726978.27,136607465.6,67541122.14,194436069.9
2432,141715267.2,3497167.106,58199263.49,17757852.11,136927309.2,67701395.29,194450679.7
2433,142016007.4,3504569.047,58317096.96,17788725.95,137247152.8,67861668.43,194465231.5
2434,142316747.5,3511970.988,58434930.42,17819599.79,137566996.4,68021941.57,194479725.7
2435,142617487.7,3519372.929,58552763.89,17850473.63,137886840,68182214.71,194494162.6
2436,142918227.9,3526774.869,58670597.35,17881347.47,138206683.6,68342487.86,194508542.6
2437,143218968.1,3534176.81,58788430.81,17912221.31,138526527.2,68502761,194522865.9
2438,143519708.3,3541578.751,58906264.28,17943095.15,138846370.8,68663034.14,194537133
2439,143820448.4,3548980.692,59024097.74,17973968.99,139166214.4,68823307.29,194551344.1
2440,144121188.6,3556382.633,59141931.21,18004842.83,139486058,68983580.43,194565499.6
2441,144421928.8,3563784.573,59259764.67,18035716.67,139805901.6,69143853.57,194579599.8
2442,144722669,3571186.514,59377598.14,18066590.51,140125745.2,69304126.71,194593645
2443,145023409.2,3578588.455,59495431.6,18097464.34,140445588.8,69464399.86,194607635.5
2444,145324149.3,3585990.396,59613265.06,18128338.18,140765432.4,69624673,194621571.8
2445,145624889.5,3593392.336,59731098.53,18159212.02,141085276,69784946.14,194635454
2446,145925629.7,3600794.277,59848931.99,18190085.86,141405119.6,69945219.29,194649282.5
2447,146226369.9,3608196.218,59966765.46,18220959.7,141724963.2,70105492.43,194663057.6
2448,146527110,3615598.159,60084598.92,18251833.54,142044806.8,70265765.57,194676779.6
2449,146827850.2,3623000.1,60202432.39,18282707.38,142364650.4,70426038.71,194690448.9
2450,147128590.4,3630402.04,60320265.85,18313581.22,142684494,70586311.86,194704065.7
2451,147429330.6,3637803.981,60438099.31,18344455.06,143004337.6,70746585,194717630.3
2452,147730070.8,3645205.922,60555932.78,18375328.9,143324181.2,70906858.14,194731143
2453,148030810.9,3652607.863,60673766.24,18406202.74,143644024.8,71067131.29,194744604.2
2454,148331551.1,3660009.803,60791599.71,18437076.58,143963868.4,71227404.43,194758014
2455,148632291.3,3667411.744,60909433.17,18467950.42,144283712,71387677.57,194771372.9
2456,148933031.5,3674813.685,61027266.64,18498824.26,144603555.6,71547950.71,194784681.1
2457,149233771.7,3682215.626,61145100.1,18529698.09,144923399.2,71708223.86,194797938.9
2458,149534511.8,3689617.567,61262933.56,18560571.93,145243242.8,71868497,194811146.6
2459,149835252,3697019.507,61380767.03,18591445.77,145563086.4,72028770.14,194824304.4
2460,150135992.2,3704421.448,61498600.49,18622319.61,145882930,72189043.29,194837412.6
2461,150436732.4,3711823.389,61616433.96,18653193.45,146202773.6,72349316.43,194850471.6
2462,150737472.5,3719225.33,61734267.42,18684067.29,146522617.2,72509589.57,194863481.6
2463,151038212.7,3726627.27,61852100.89,18714941.13,146842460.8,72669862.71,194876442.8
2464,151338952.9,3734029.211,61969934.35,18745814.97,147162304.4,72830135.86,194889355.6
2465,151639693.1,3741431.152,62087767.81,18776688.81,147482148,72990409,194902220.2
2466,151940433.3,3748833.093,62205601.28,18807562.65,147801991.6,73150682.14,194915036.9
2467,152241173.4,3756235.034,62323434.74,18838436.49,148121835.2,73310955.29,194927805.9
2468,152541913.6,3763636.974,62441268.21,18869310.33,148441678.8,73471228.43,194940527.6
2469,152842653.8,3771038.915,62559101.67,18900184.17,148761522.4,73631501.57,194953202.1
2470,153143394,3778440.856,62676935.14,18931058.01,149081366,73791774.71,194965829.8
2471,153444134.2,3785842.797,62794768.6,18961931.84,149401209.6,73952047.86,194978410.9
2472,153744874.3,3793244.737,62912602.06,18992805.68,149721053.2,74112321,194990945.7
2473,154045614.5,3800646.678,63030435.53,19023679.52,150040896.8,74272594.14,195003434.3
2474,154346354.7,3808048.619,63148268.99,19054553.36,150360740.4,74432867.29,195015877.2
2475,154647094.9,3815450.56,63266102.46,19085427.2,150680584,74593140.43,195028274.4
2476,154947835,3822852.501,63383935.92,19116301.04,151000427.6,74753413.57,195040626.4
2477,155248575.2,3830254.441,63501769.39,19147174.88,151320271.2,74913686.71,195052933.2
2478,155549315.4,3837656.382,63619602.85,19178048.72,151640114.8,75073959.86,195065195.2
2479,155850055.6,3845058.323,63737436.31,19208922.56,151959958.4,75234233,195077412.6
2480,156150795.8,3852460.264,63855269.78,19239796.4,152279802,75394506.14,195089585.7
2481,156451535.9,3859862.204,63973103.24,19270670.24,152599645.6,75554779.29,195101714.7
2482,156752276.1,3867264.145,64090936.71,19301544.08,152919489.2,75715052.43,195113799.8
2483,157053016.3,3874666.086,64208770.17,19332417.92,153239332.8,75875325.57,195125841.3
2484,157353756.5,3882068.027,64326603.64,19363291.76,153559176.4,76035598.71,195137839.3
2485,157654496.7,3889469.968,64444437.1,19394165.59,153879020,76195871.86,195149794.3
2486,157955236.8,3896871.908,64562270.56,19425039.43,154198863.6,76356145,195161706.3
2487,158255977,3904273.849,64680104.03,19455913.27,154518707.2,76516418.14,195173575.6
2488,158556717.2,3911675.79,64797937.49,19486787.11,154838550.8,76676691.29,195185402.4
2489,158857457.4,3919077.731,64915770.96,19517660.95,155158394.4,76836964.43,195197187
2490,159158197.5,3926479.671,65033604.42,19548534.79,155478238,76997237.57,195208929.6
2491,159458937.7,3933881.612,65151437.89,19579408.63,155798081.6,77157510.71,195220630.3
2492,159759677.9,3941283.553,65269271.35,19610282.47,156117925.2,77317783.86,195232289.6
2493,160060418.1,3948685.494,65387104.81,19641156.31,156437768.8,77478057,195243907.4
2494,160361158.3,3956087.435,65504938.28,19672030.15,156757612.4,77638330.14,195255484.2
2495,160661898.4,3963489.375,65622771.74,19702903.99,157077456,77798603.29,195267020
2496,160962638.6,3970891.316,65740605.21,19733777.83,157397299.6,77958876.43,195278515.2
2497,161263378.8,3978293.257,65858438.67,19764651.67,157717143.2,78119149.57,195289969.9
2498,161564119,3985695.198,65976272.14,19795525.51,158036986.8,78279422.71,195301384.3
2499,161864859.2,3993097.139,66094105.6,19826399.34,158356830.4,78439695.86,195312758.6
2500,162165599.3,4000499.079,66211939.06,19857273.18,158676674,78599969,195324093.1
2501,162466339.5,4007901.02,66329772.53,19888147.02,158996517.6,78760242.14,195335388
2502,162767079.7,4015302.961,66447605.99,19919020.86,159316361.2,78920515.29,195346643.5
2503,163067819.9,4022704.902,66565439.46,19949894.7,159636204.8,79080788.43,195357859.7
2504,163368560,4030106.842,66683272.92,19980768.54,159956048.4,79241061.57,195369037
2505,163669300.2,4037508.783,66801106.39,20011642.38,160275892,79401334.71,195380175.4
2506,163970040.4,4044910.724,66918939.85,20042516.22,160595735.6,79561607.86,195391275.2
2507,164270780.6,4052312.665,67036773.31,20073390.06,160915579.2,79721881,195402336.6
2508,164571520.8,4059714.606,67154606.78,20104263.9,161235422.8,79882154.14,195413359.8
2509,164872260.9,4067116.546,67272440.24,20135137.74,161555266.4,80042427.29,195424345
2510,165173001.1,4074518.487,67390273.71,20166011.58,161875110,80202700.43,195435292.3
2511,165473741.3,4081920.428,67508107.17,20196885.42,162194953.6,80362973.57,195446202.1
2512,165774481.5,4089322.369,67625940.64,20227759.26,162514797.2,80523246.71,195457074.4
2513,166075221.7,4096724.309,67743774.1,20258633.09,162834640.8,80683519.86,195467909.5
2514,166375961.8,4104126.25,67861607.56,20289506.93,163154484.4,80843793,195478707.5
2515,166676702,4111528.191,67979441.03,20320380.77,163474328,81004066.14,195489468.7
2516,166977442.2,4118930.132,68097274.49,20351254.61,163794171.6,81164339.29,195500193.2