year,nuclear,geo,bio,hydro,wind,solar
1960,12053.0,718.0,2639742.0,3215951.0,0,0
1961,39356.0,2002.0,2589519.0,3312930.0,0,0
1962,52788.0,2122.0,2600484.0,3632280.0,0,0
1963,76294.0,3520.0,2646631.0,3542712.0,0,0
1964,79639.0,4264.0,2673606.0,3772628.0,0,0
1965,86329.0,3956.0,2669521.0,4118152.0,0,0
1966,128316.0,3916.0,2737971.0,4123035.0,0,0
1967,176912.0,6600.0,2680500.0,4693329.0,0,0
1968,283068.0,9064.0,2838992.0,4697256.0,0,0
1969,307444.0,12844.0,2880977.0,5295961.0,0,0
1970,478695.0,11022.0,2861922.0,5267094.0,0,0
1971,825878.0,11478.0,2864643.0,5648299.0,0,0
1972,1167503.0,30158.0,3006126.0,5727729.0,0,0
1973,1820355.0,40844.0,3058137.0,5722896.0,0,0
1974,2544168.0,51220.0,3079325.0,6353162.0,0,0
1975,3799596.0,67560.0,2997467.0,6309213.0,0,0
1976,4222241.0,75026.0,3426747.0,5952525.0,0,0
1977,5403522.0,74764.0,3676666.0,4666505.0,0,0
1978,6048252.0,61702.0,4075215.0,5873970.0,0,0
1979,5551656.0,80524.0,4303812.0,5861373.0,0,0
1980,5478339.0,105398.0,4943381.0,5800284.0,0,0
1981,6015177.0,118874.0,5199494.0,5515935.0,0,0
1982,6262296.0,101254.0,5329485.0,6531119.0,0,0
1983,6405097.0,127820.0,5808827.0,7054523.0,0,0
1984,7105062.0,161622.0,5943205.0,6771624.0,0,0
1985,8151127.0,194842.0,6032465.0,5940385.0,0,0
1986,8760216.0,215355.0,5864188.0,6142360.0,0,0
1987,9507866.0,224539.0,5755149.0,5269017.0,0,0
1988,11173935.0,212677.0,6032096.0,4668529.0,0,0
1989,11204322.0,323093.0,6318707.0,5674526.0,0,0
1990,12208698.0,341493.0,5473963.0,6092780.0,0,0
1991,12844265.0,355252.0,5563597.0,6031883.0,0,0
1992,12958412.0,357400.0,5863344.0,5234871.0,0,0
1993,12821004.0,371145.0,5812012.0,5783227.0,0,0
1994,13387752.0,346955.0,6055062.0,5366913.0,0,0
1995,14150872.0,304112.0,6202279.0,6410621.0,0,0
1996,14173348.0,326714.0,6313609.0,7179316.0,0,0
1997,13193983.0,333197.0,6205676.0,7280913.0,0,0
1998,14135616.0,336962.0,5854976.0,6594107.0,0,0
1999,15220516.0,343772.0,5926588.0,6535150.0,0,0
2000,15724696.0,328797.0,6016458.0,5622233.0,0,0
2001,16057707.0,328921.0,5250788.0,4483713.0,0,0
2002,16290859.0,342330.0,5397029.0,5378036.0,0,0
2003,15919244.0,346891.0,5609451.0,5585079.0,0,0
2004,16445547.0,356296.0,6009199.0,5376938.0,0,0
2005,16321620.0,361404.0,6201279.0,5405886.0,356176.0,0
2006,16429253.0,362396.0,6456813.0,5738068.0,527477.0,0
2007,16917174.0,371548.0,6877660.0,4892777.0,681006.0,0
2008,16852980.0,384867.0,7622932.0,5022216.0,1091096.0,0
2009,16710443.0,400371.0,7796036.0,5337648.0,1442257.0,0
2010,16868864.0,415959.0,8742630.0,5077082.0,1846856.0,180971.0
2011,16537398.0,424623.0,8838752.0,6205705.0,2335269.0,222262.0
2012,16123644.0,423183.0,8745393.0,5257402.0,2680118.0,313697.0
2013,16488866.0,428012.0,9283507.0,5124762.0,3202716.0,449045.0
2014,16675118.0,428981.0,9583057.0,4933152.0,3455086.0,673878.0
2015,16673774.0,423672.0,9359597.0,4642355.0,3554612.0,851454.0
2016,16853503.0,419207.0,9238416.0,4944886.0,3871342.5181642342,1137332.0
2017,17116722.78144958,425757.00425160344,9314596.530343875,4941337.627639955,4192724.04557868,1188041.0
2018,17338698.671613004,433108.6715095946,9420030.038582139,4976573.172876913,4511807.875747645,1348314.1428571343
2019,17590727.85464053,440217.6474029441,9535016.843436986,5006894.331846763,4832026.817103854,1508587.2857142687
2020,17875300.249300983,447572.11329896195,9652115.54156745,5037838.202339294,5151684.98945103,1668860.428571403
2021,18155186.468598925,454977.4115583338,9769769.487237198,5068703.167833438,5471620.193585952,1829133.5714285374
2022,18439178.85581397,462373.34467293415,9887557.966941945,5099578.131534687,5791418.538140217,1989406.7142856717
2023,18733033.59105455,469773.3822409266,10005380.290580923,5130451.828343504,6111284.494230941,2149679.857142806
2024,19027881.150657907,477175.4242955038,10123210.980772324,5161325.685682746,6431117.048788207,2309953.0
2025,19323292.01872753,484577.27328152244,10241043.756032167,5192199.522680862,6750966.104411649,2470226.1428571343
2026,19621332.0640728,491979.15223311307,10358877.048978787,5223073.362256442,7070807.008158312,2630499.2857142687
2027,19920259.83757029,499381.0929297275,10476710.470681429,5253947.201505427,7390651.939105054,2790772.428571403
2028,20219359.31641576,506783.0331627392,10594543.924381765,5284821.040795796,7710494.880529517,2951045.5714285374
2029,20519117.37631062,514184.9722568424,10712377.386036946,5315694.880080921,8030338.804820196,3111318.7142856717
2030,20819261.406212408,521586.9128988833,10830210.849669412,5346568.71936671,8350182.243554112,3271591.857142806
2031,21119498.28122175,528988.8537031962,10948044.3137934,5377442.558652415,8670025.92216337,3431865.0
2032,21419900.32159625,536390.794444551,11065877.778039569,5408316.39793813,8989869.48226912,3592138.1428571343
2033,21720437.754387457,543792.7352162814,11183711.242316108,5439190.237223845,9309713.100918116,3752411.2857142687
2034,22021021.281634055,551194.6759969819,11301544.706600197,5470064.0765095595,9629556.690645507,3912684.428571403
2035,22321649.10735721,558596.6167758928,11419378.170886163,5500937.915795274,9949400.294660784,4072957.5714285374
2036,22622319.89617274,565998.5575551725,11537211.635172594,5531811.755080989,10269243.891617542,4233230.714285672
2037,22923010.254028726,573400.498334778,11655045.099459143,5562685.594366703,10589087.492061358,4393503.857142806
2038,23223713.82746395,580802.4391143542,11772878.56374572,5593559.433652418,10908931.090782493,4553777.0
2039,23524430.439196065,588204.3798939276,11890712.028032305,5624433.272938132,11228774.69035467,4714050.142857134
2040,23825154.45638237,595606.3206735103,12008545.492318891,5655307.112223847,11548618.289506413,4874323.285714269
2041,24125882.80050671,603008.2614530931,12126378.956605477,5686180.951509561,11868461.88886586,5034596.428571403
2042,24426615.06982397,610410.2022326756,12244212.420892064,5717054.790795276,12188305.488122698,5194869.571428537
2043,24727349.935033202,617812.1430122583,12362045.88517865,5747928.6300809905,12508149.087430228,5355142.714285672
2044,25028086.28716997,625214.083791841,12479879.349465236,5778802.469366705,12827992.686712714,5515415.857142806
2045,25328823.84003854,632616.0245714238,12597712.813751822,5809676.30865242,13147836.286007572,5675689.0
2046,25629562.26029996,640017.9653510065,12715546.278038409,5840550.147938134,13467679.885296319,5835962.142857134
2047,25930301.196593106,647419.9061305892,12833379.742324995,5871423.987223849,13787523.484588085,5996235.285714269
2048,26231040.510229502,654821.8469101719,12951213.206611581,5902297.826509563,14107367.083878359,6156508.428571403
2049,26531780.106112286,662223.7876897546,13069046.670898167,5933171.665795278,14427210.683169369,6316781.571428537
2050,26832519.879296236,669625.7284693373,13186880.135184754,5964045.505080992,14747054.282460015,6477054.714285672
2051,27133259.77419727,677027.66924892,13304713.59947134,5994919.344366707,15066897.88175084,6637327.857142806
2052,27433999.759945843,684429.6100285028,13422547.063757926,6025793.183652421,15386741.481041579,6797601.0
2053,27734739.805652615,691831.5508080855,13540380.528044512,6056667.022938136,15706585.08033236,6957874.142857134
2054,28035479.891344327,699233.4915876682,13658213.992331099,6087540.862223851,16026428.67962312,7118147.285714269
2055,28336220.006262295,706635.4323672509,13776047.456617685,6118414.701509565,16346272.27891389,7278420.428571403
2056,28636960.141163763,714037.3731468336,13893880.920904271,6149288.54079528,16666115.878204655,7438693.571428537
2057,28937700.289321437,721439.3139264163,14011714.385190858,6180162.380080994,16985959.477495424,7598966.714285672
2058,29238440.44692863,728841.254705999,14129547.849477444,6211036.219366709,17305803.07678619,7759239.857142806
2059,29539180.611126956,736243.1954855818,14247381.31376403,6241910.058652423,17625646.676076956,7919513.0
2060,29839920.779729825,743645.1362651645,14365214.778050616,6272783.897938138,17945490.275367722,8079786.142857134
2061,30140660.951408297,751047.0770447472,14483048.242337203,6303657.737223852,18265333.874658488,8240059.285714269
2062,30441401.12524771,758449.0178243299,14600881.706623789,6334531.576509567,18585177.473949254,8400332.428571403
2063,30742141.300548073,765850.9586039126,14718715.170910375,6365405.4157952815,18905021.07324002,8560605.571428537
2064,31042881.476855278,773252.8993834953,14836548.635196961,6396279.255080996,19224864.672530785,8720878.714285672
2065,31343621.65386928,780654.840163078,14954382.099483548,6427153.094366711,19544708.27182155,8881151.857142806
2066,31644361.83136633,788056.7809426608,15072215.563770134,6458026.933652425,19864551.871112317,9041425.0
2067,31945102.009194262,795458.7217222435,15190049.02805672,6488900.77293814,20184395.470403083,9201698.142857134
2068,32245842.18725337,802860.6625018262,15307882.492343307,6519774.612223854,20504239.06969385,9361971.285714269
2069,32546582.365471706,810262.6032814089,15425715.956629893,6550648.451509569,20824082.668984614,9522244.428571403
2070,32847322.543798987,817664.5440609916,15543549.42091648,6581522.290795283,21143926.26827538,9682517.571428537
2071,33148062.72220197,825066.4848405743,15661382.885203065,6612396.130080998,21463769.867566146,9842790.714285672
2072,33448802.900657322,832468.425620157,15779216.349489652,6643269.9693667125,21783613.46685691,10003063.857142806
2073,33749543.07914856,839870.3663997398,15897049.813776238,6674143.808652427,22103457.066147678,10163337.0
2074,34050283.25766463,847272.3071793225,16014883.278062824,6705017.647938142,22423300.665438443,10323610.142857134
2075,34351023.43619789,854674.2479589052,16132716.74234941,6735891.487223856,22743144.26472921,10483883.285714269
2076,34651763.61474298,862076.1887384879,16250550.206635997,6766765.326509571,23062987.864019975,10644156.428571403
2077,34952503.79329622,869478.1295180706,16368383.670922583,6797639.165795285,23382831.46331074,10804429.571428537
2078,35253243.971855104,876880.0702976533,16486217.13520917,6828513.005081,23702675.062601507,10964702.714285672
2079,35553984.15041788,884282.011077236,16604050.599495756,6859386.844366714,24022518.661892273,11124975.857142806
2080,35854724.32898333,891683.9518568187,16721884.063782342,6890260.683652429,24342362.26118304,11285249.0
2081,36155464.507550634,899085.8926364015,16839717.52806893,6921134.522938143,24662205.860473804,11445522.142857134
2082,36456204.68611922,906487.8334159842,16957550.992355518,6952008.362223858,24982049.45976457,11605795.285714269
2083,36756944.86468869,913889.7741955669,17075384.456642106,6982882.201509573,25301893.059055336,11766068.428571403
2084,37057685.043258764,921291.7149751496,17193217.920928694,7013756.040795287,25621736.6583461,11926341.571428537
2085,37358425.22182926,928693.6557547323,17311051.385215282,7044629.880081002,25941580.257636867,12086614.714285672
2086,37659165.40040004,936095.596534315,17428884.84950187,7075503.719366716,26261423.856927633,12246887.857142806
2087,37959905.57897103,943497.5373138977,17546718.31378846,7106377.558652431,26581267.4562184,12407161.0
2088,38260645.75754215,950899.4780934805,17664551.778075047,7137251.397938145,26901111.055509165,12567434.142857134
2089,38561385.936113365,958301.4188730632,17782385.242361635,7168125.23722386,27220954.65479993,12727707.285714269
2090,38862126.11468465,965703.3596526459,17900218.706648223,7198999.076509574,27540798.254090697,12887980.428571403
2091,39162866.29325598,973105.3004322286,18018052.17093481,7229872.915795289,27860641.853381462,13048253.571428537
2092,39463606.471827336,980507.2412118113,18135885.6352214,7260746.7550810035,28180485.45267223,13208526.714285672
2093,39764346.65039872,987909.181991394,18253719.099507987,7291620.594366718,28500329.051962994,13368799.857142806
2094,40065086.82897011,995311.1227709767,18371552.563794576,7322494.433652433,28820172.65125376,13529073.0
2095,40365827.007541515,1002713.0635505595,18489386.028081164,7353368.272938147,29140016.250544526,13689346.142857134
2096,40666567.186112925,1010115.0043301422,18607219.492367752,7384242.112223862,29459859.84983529,13849619.285714269
2097,40967307.36468434,1017516.9451097249,18725052.95665434,7415115.951509576,29779703.449126057,14009892.428571403
2098,41268047.54325576,1024918.8858893076,18842886.42094093,7445989.790795291,30099547.048416823,14170165.571428537
2099,41568787.72182719,1032320.8266688903,18960719.885227516,7476863.630081005,30419390.64770759,14330438.714285672
2100,41869527.90039861,1039722.767448473,19078553.349514104,7507737.46936672,30739234.246998355,14490711.857142806
2101,42170268.07897004,1047124.7082280557,19196386.813800693,7538611.3086524345,31059077.84628912,14650985.0
2102,42471008.25754146,1054526.6490076385,19314220.27808728,7569485.147938149,31378921.445579886,14811258.142857134
2103,42771748.43611289,1061928.589787221,19432053.74237387,7600358.987223864,31698765.044870652,14971531.285714269
2104,43072488.61468431,1069330.5305668036,19549887.206660457,7631232.826509578,32018608.644161418,15131804.428571403
2105,43373228.79325574,1076732.4713463862,19667720.670947045,7662106.665795293,32338452.243452184,15292077.571428537
2106,43673968.971827164,1084134.4121259688,19785554.135233633,7692980.505081007,32658295.84274295,15452350.714285672
2107,43974709.15039859,1091536.3529055514,19903387.59952022,7723854.344366722,32978139.442033716,15612623.857142806
2108,44275449.328970015,1098938.293685134,20021221.06380681,7754728.183652436,33297983.04132448,15772897.0
2109,44576189.50754144,1106340.2344647166,20139054.528093398,7785602.022938151,33617826.64061525,15933170.142857134
2110,44876929.686112866,1113742.1752442992,20256887.992379986,7816475.862223865,33937670.23990601,16093443.285714269
2111,45177669.86468429,1121144.1160238818,20374721.456666574,7847349.70150958,34257513.83919678,16253716.428571403
2112,45478410.04325572,1128546.0568034644,20492554.920953162,7878223.540795295,34577357.438487545,16413989.571428537
2113,45779150.22182714,1135947.997583047,20610388.38523975,7909097.380081009,34897201.03777831,16574262.714285672
2114,46079890.40039857,1143349.9383626296,20728221.84952634,7939971.219366724,35217044.63706908,16734535.857142806
2115,46380630.57896999,1150751.8791422122,20846055.313812926,7970845.058652438,35536888.23635984,16894809.0
2116,46681370.75754142,1158153.8199217948,20963888.778099515,8001718.897938153,35856731.83565061,17055082.142857134
2117,46982110.93611284,1165555.7607013774,21081722.242386103,8032592.737223867,36176575.434941374,17215355.28571427
2118,47282851.11468427,1172957.70148096,21199555.70667269,8063466.576509582,36496419.03423214,17375628.428571403
2119,47583591.293255694,1180359.6422605426,21317389.17095928,8094340.415795296,36816262.633522905,17535901.571428537
2120,47884331.47182712,1187761.5830401252,21435222.635245867,8125214.255081011,37136106.23281367,17696174.71428567
2121,48185071.650398545,1195163.5238197078,21553056.099532455,8156088.0943667255,37455949.83210444,17856447.857142806
2122,48485811.82896997,1202565.4645992904,21670889.563819043,8186961.93365244,37775793.4313952,18016721.0
2123,48786552.007541396,1209967.405378873,21788723.02810563,8217835.772938155,38095637.03068597,18176994.142857134
2124,49087292.18611282,1217369.3461584556,21906556.49239222,8248709.612223869,38415480.629976735,18337267.28571427
2125,49388032.36468425,1224771.2869380382,22024389.956678808,8279583.451509584,38735324.2292675,18497540.428571403
2126,49688772.54325567,1232173.2277176208,22142223.420965396,8310457.290795298,39055167.828558266,18657813.571428537
2127,49989512.7218271,1239575.1684972034,22260056.885251984,8341331.130081013,39375011.42784903,18818086.71428567
2128,50290252.90039852,1246977.109276786,22377890.349538572,8372204.969366727,39694855.0271398,18978359.857142806
2129,50590993.07896995,1254379.0500563686,22495723.81382516,8403078.808652442,40014698.62643056,19138633.0
2130,50891733.25754137,1261780.9908359512,22613557.27811175,8433952.647938157,40334542.22572133,19298906.142857134
2131,51192473.4361128,1269182.9316155338,22731390.742398337,8464826.487223871,40654385.825012095,19459179.28571427
2132,51493213.614684224,1276584.8723951164,22849224.206684925,8495700.326509586,40974229.42430286,19619452.428571403
2133,51793953.79325565,1283986.813174699,22967057.670971513,8526574.1657953,41294073.02359363,19779725.571428537
2134,52094693.971827075,1291388.7539542816,23084891.1352581,8557448.005081015,41613916.62288439,19939998.71428567
2135,52395434.1503985,1298790.6947338642,23202724.59954469,8588321.84436673,41933760.22217516,20100271.857142806
2136,52696174.328969926,1306192.6355134468,23320558.063831277,8619195.683652444,42253603.821465924,20260545.0
2137,52996914.50754135,1313594.5762930294,23438391.528117865,8650069.522938158,42573447.42075669,20420818.142857134
2138,53297654.68611278,1320996.517072612,23556224.992404453,8680943.362223873,42893291.020047456,20581091.28571427
2139,53598394.8646842,1328398.4578521946,23674058.45669104,8711817.201509587,43213134.61933822,20741364.428571403
2140,53899135.04325563,1335800.3986317771,23791891.92097763,8742691.040795302,43532978.21862899,20901637.571428537
2141,54199875.22182705,1343202.3394113597,23909725.385264218,8773564.880081017,43852821.81791975,21061910.71428567
2142,54500615.40039848,1350604.2801909423,24027558.849550806,8804438.719366731,44172665.41721052,21222183.857142806
2143,54801355.5789699,1358006.220970525,24145392.313837394,8835312.558652446,44492509.016501285,21382456.99999994
2144,55102095.75754133,1365408.1617501075,24263225.778123982,8866186.39793816,44812352.61579205,21542730.142857134
2145,55402835.936112754,1372810.1025296901,24381059.24241057,8897060.237223875,45132196.21508282,21703003.28571427
2146,55703576.11468418,1380212.0433092727,24498892.70669716,8927934.07650959,45452039.81437358,21863276.428571403
2147,56004316.293255605,1387613.9840888553,24616726.170983747,8958807.915795304,45771883.41366435,22023549.571428537
2148,56305056.47182703,1395015.924868438,24734559.635270335,8989681.755081018,46091727.012955114,22183822.71428567
2149,56605796.650398456,1402417.8656480205,24852393.099556923,9020555.594366733,46411570.61224588,22344095.857142806
2150,56906536.82896988,1409819.8064276031,24970226.56384351,9051429.433652448,46731414.211536646,22504368.99999994
2151,57207277.00754131,1417221.7472071857,25088060.0281301,9082303.272938162,47051257.81082741,22664642.142857134
2152,57508017.18611273,1424623.6879867683,25205893.492416687,9113177.112223877,47371101.41011818,22824915.28571427
2153,57808757.36468416,1432025.628766351,25323726.956703275,9144050.951509591,47690945.00940894,22985188.428571403
2154,58109497.54325558,1439427.5695459335,25441560.420989864,9174924.790795306,48010788.60869971,23145461.571428537
2155,58410237.72182701,1446829.510325516,25559393.88527645,9205798.63008102,48330632.207990475,23305734.71428567
2156,58710977.90039843,1454231.4511050987,25677227.34956304,9236672.469366735,48650475.80728124,23466007.857142806
2157,59011718.07896986,1461633.3918846813,25795060.813849628,9267546.30865245,48970319.40657201,23626280.99999994
2158,59312458.257541284,1469035.332664264,25912894.278136216,9298420.147938164,49290163.00586277,23786554.142857134
2159,59613198.43611271,1476437.2734438465,26030727.742422804,9329293.987223879,49610006.60515354,23946827.28571427
2160,59913938.614684135,1483839.214223429,26148561.206709392,9360167.826509593,49929850.204444304,24107100.428571403
2161,60214678.79325556,1491241.1550030117,26266394.67099598,9391041.665795308,50249693.80373507,24267373.571428537
2162,60515418.971826985,1498643.0957825943,26384228.13528257,9421915.505081022,50569537.403025836,24427646.71428567
2163,60816159.15039841,1506045.036562177,26502061.599569157,9452789.344366737,50889381.0023166,24587919.857142806
2164,61116899.328969836,1513446.9773417595,26619895.063855745,9483663.183652451,51209224.60160737,24748192.99999994
2165,61417639.50754126,1520848.918121342,26737728.528142333,9514537.022938166,51529068.20089813,24908466.142857134
2166,61718379.68611269,1528250.8589009247,26855561.99242892,9545410.86222388,51848911.8001889,25068739.28571427
2167,62019119.86468411,1535652.7996805073,26973395.45671551,9576284.701509595,52168755.399479665,25229012.428571403
2168,62319860.04325554,1543054.7404600899,27091228.921002097,9607158.54079531,52488598.99877043,25389285.571428537
2169,62620600.22182696,1550456.6812396725,27209062.385288686,9638032.380081024,52808442.5980612,25549558.71428567
2170,62921340.40039839,1557858.622019255,27326895.849575274,9668906.219366739,53128286.19735196,25709831.857142806
2171,63222080.578969814,1565260.5627988377,27444729.31386186,9699780.058652453,53448129.79664273,25870104.99999994
2172,63522820.75754124,1572662.5035784203,27562562.77814845,9730653.897938168,53767973.395933494,26030378.142857134
2173,63823560.936112665,1580064.4443580029,27680396.242435038,9761527.737223882,54087816.99522426,26190651.28571427
2174,64124301.11468409,1587466.3851375855,27798229.706721626,9792401.576509597,54407660.594515026,26350924.428571403
2175,64425041.293255515,1594868.325917168,27916063.171008214,9823275.415795311,54727504.19380579,26511197.571428537
2176,64725781.47182694,1602270.2666967507,28033896.635294802,9854149.255081026,55047347.79309656,26671470.71428567
2177,65026521.650398366,1609672.2074763332,28151730.09958139,9885023.09436674,55367191.39238732,26831743.857142806
2178,65327261.82896979,1617074.1482559158,28269563.56386798,9915896.933652455,55687034.99167809,26992016.99999994
2179,65628002.00754122,1624476.0890354984,28387397.028154567,9946770.77293817,56006878.590968855,27152290.142857134
2180,65928742.18611264,1631878.029815081,28505230.492441155,9977644.612223884,56326722.19025962,27312563.28571427
2181,66229482.36468407,1639279.9705946636,28623063.956727743,10008518.451509599,56646565.78955039,27472836.428571403
2182,66530222.54325549,1646681.9113742462,28740897.42101433,10039392.290795313,56966409.38884115,27633109.571428537
2183,66830962.72182692,1654083.8521538288,28858730.88530092,10070266.130081028,57286252.98813192,27793382.71428567
2184,67131702.90039834,1661485.7929334114,28976564.349587508,10101139.969366742,57606096.587422684,27953655.857142806
2185,67432443.07896978,1668887.733712994,29094397.813874096,10132013.808652457,57925940.18671345,28113928.99999994
2186,67733183.25754121,1676289.6744925766,29212231.278160684,10162887.647938171,58245783.786004215,28274202.142857134
2187,68033923.43611264,1683691.6152721592,29330064.742447272,10193761.487223886,58565627.38529498,28434475.28571427
2188,68334663.61468408,1691093.5560517418,29447898.20673386,10224635.3265096,58885470.98458575,28594748.428571403
2189,68635403.79325551,1698495.4968313244,29565731.67102045,10255509.165795315,59205314.58387651,28755021.571428537
2190,68936143.97182694,1705897.437610907,29683565.135307036,10286383.00508103,59525158.18316728,28915294.71428567
2191,69236884.15039837,1713299.3783904896,29801398.599593624,10317256.844366744,59845001.782458045,29075567.857142806
2192,69537624.3289698,1720701.3191700722,29919232.063880213,10348130.683652459,60164845.38174881,29235840.99999994
2193,69838364.50754124,1728103.2599496548,30037065.5281668,10379004.522938173,60484688.981039576,29396114.142857134
2194,70139104.68611267,1735505.2007292374,30154898.99245339,10409878.362223888,60804532.58033034,29556387.28571427
2195,70439844.8646841,1742907.14150882,30272732.456739977,10440752.201509602,61124376.17962111,29716660.428571403
2196,70740585.04325554,1750309.0822884026,30390565.921026565,10471626.040795317,61444219.77891187,29876933.571428537
2197,71041325.22182697,1757711.0230679852,30508399.385313153,10502499.880081031,61764063.37820264,30037206.71428567
2198,71342065.4003984,1765112.9638475678,30626232.84959974,10533373.719366746,62083906.977493405,30197479.857142806
2199,71642805.57896984,1772514.9046271504,30744066.31388633,10564247.55865246,62403750.57678417,30357752.99999994
2200,71943545.75754127,1779916.845406733,30861899.778172918,10595121.397938175,62723594.17607494,30518026.142857134
2201,72244285.9361127,1787318.7861863156,30979733.242459506,10625995.23722389,63043437.7753657,30678299.28571427
2202,72545026.11468413,1794720.7269658982,31097566.706746094,10656869.076509604,63363281.37465647,30838572.428571403
2203,72845766.29325557,1802122.6677454808,31215400.171032682,10687742.915795319,63683124.973947234,30998845.571428537
2204,73146506.471827,1809524.6085250634,31333233.63531927,10718616.755081033,64002968.573238,31159118.71428567
2205,73447246.65039843,1816926.549304646,31451067.09960586,10749490.594366748,64322812.172528766,31319391.857142806
2206,73747986.82896987,1824328.4900842286,31568900.563892446,10780364.433652462,64642655.77181953,31479664.99999994
2207,74048727.0075413,1831730.4308638112,31686734.028179035,10811238.272938177,64962499.3711103,31639938.142857134
2208,74349467.18611273,1839132.3716433938,31804567.492465623,10842112.112223892,65282342.97040106,31800211.28571427
2209,74650207.36468416,1846534.3124229764,31922400.95675221,10872985.951509606,65602186.56969183,31960484.428571403
2210,74950947.5432556,1853936.253202559,32040234.4210388,10903859.79079532,65922030.168982595,32120757.571428537
2211,75251687.72182703,1861338.1939821416,32158067.885325387,10934733.630081035,66241873.76827336,32281030.71428567
2212,75552427.90039846,1868740.1347617242,32275901.349611975,10965607.46936675,66561717.36756413,32441303.857142806
2213,75853168.0789699,1876142.0755413068,32393734.813898563,10996481.308652464,66881560.96685489,32601576.99999994
2214,76153908.25754133,1883544.0163208894,32511568.27818515,11027355.147938179,67201404.56614566,32761850.142857134
2215,76454648.43611276,1890945.957100472,32629401.74247174,11058228.987223893,67521248.16543643,32922123.28571427
2216,76755388.6146842,1898347.8978800545,32747235.206758328,11089102.826509608,67841091.7647272,33082396.428571403
2217,77056128.79325563,1905749.8386596371,32865068.671044916,11119976.665795323,68160935.36401798,33242669.571428537
2218,77356868.97182706,1913151.7794392197,32982902.135331504,11150850.505081037,68480778.96330875,33402942.71428567
2219,77657609.1503985,1920553.7202188023,33100735.599618092,11181724.344366752,68800622.56259952,33563215.857142806
2220,77958349.32896993,1927955.660998385,33218569.06390468,11212598.183652466,69120466.1618903,33723488.99999994
2221,78259089.50754136,1935357.6017779675,33336402.52819127,11243472.02293818,69440309.76118107,33883762.142857134
2222,78559829.68611279,1942759.5425575501,33454235.992477857,11274345.862223895,69760153.36047184,34044035.28571427
2223,78860569.86468422,1950161.4833371327,33572069.456764445,11305219.70150961,70079996.95976262,34204308.4285714
2224,79161310.04325566,1957563.4241167153,33689902.92105103,11336093.540795324,70399840.55905339,34364581.57142854
2225,79462050.22182709,1964965.364896298,33807736.38533762,11366967.380081039,70719684.15834416,34524854.71428567
2226,79762790.40039852,1972367.3056758805,33925569.84962421,11397841.219366753,71039527.75763494,34685127.857142806
2227,80063530.57896996,1979769.246455463,34043403.3139108,11428715.058652468,71359371.35692571,34845400.99999994
2228,80364270.75754139,1987171.1872350457,34161236.778197385,11459588.897938183,71679214.95621648,35005674.142857134
2229,80665010.93611282,1994573.1280146283,34279070.24248397,11490462.737223897,71999058.55550726,35165947.28571427
2230,80965751.11468425,2001975.068794211,34396903.70677056,11521336.576509612,72318902.15479803,35326220.4285714
2231,81266491.29325569,2009377.0095737935,34514737.17105715,11552210.415795326,72638745.7540888,35486493.57142854
2232,81567231.47182712,2016778.950353376,34632570.63534374,11583084.25508104,72958589.35337958,35646766.71428567
2233,81867971.65039855,2024180.8911329587,34750404.099630326,11613958.094366755,73278432.95267035,35807039.857142806
2234,82168711.82896999,2031582.8319125413,34868237.563916914,11644831.93365247,73598276.55196112,35967312.99999994
2235,82469452.00754142,2038984.772692124,34986071.0282035,11675705.772938184,73918120.1512519,36127586.142857134
2236,82770192.18611285,2046386.7134717065,35103904.49249009,11706579.612223899,74237963.75054267,36287859.28571427
2237,83070932.36468428,2053788.654251289,35221737.95677668,11737453.451509614,74557807.34983344,36448132.4285714
2238,83371672.54325572,2061190.5950308717,35339571.42106327,11768327.290795328,74877650.94912422,36608405.57142854
2239,83672412.72182715,2068592.5358104543,35457404.885349855,11799201.130081043,75197494.54841499,36768678.71428567
2240,83973152.90039858,2075994.4765900369,35575238.34963644,11830074.969366757,75517338.14770576,36928951.857142806
2241,84273893.07897002,2083396.4173696195,35693071.81392303,11860948.808652472,75837181.74699654,37089224.99999994
2242,84574633.25754145,2090798.358149202,35810905.27820962,11891822.647938186,76157025.34628731,37249498.142857134
2243,84875373.43611288,2098200.2989287847,35928738.74249621,11922696.4872239,76476868.94557808,37409771.28571427
2244,85176113.61468431,2105602.2397083673,36046572.206782795,11953570.326509615,76796712.54486886,37570044.4285714
2245,85476853.79325575,2113004.18048795,36164405.67106938,11984444.16579533,77116556.14415963,37730317.57142854
2246,85777593.97182718,2120406.1212675325,36282239.13535597,12015318.005081045,77436399.7434504,37890590.71428567
2247,86078334.15039861,2127808.062047115,36400072.59964256,12046191.844366759,77756243.34274118,38050863.857142806
2248,86379074.32897004,2135210.0028266977,36517906.06392915,12077065.683652474,78076086.94203195,38211136.99999994
2249,86679814.50754148,2142611.9436062803,36635739.528215736,12107939.522938188,78395930.54132272,38371410.142857134
2250,86980554.68611291,2150013.884385863,36753572.992502324,12138813.362223903,78715774.1406135,38531683.28571427
2251,87281294.86468434,2157415.8251654455,36871406.45678891,12169687.201509617,79035617.73990427,38691956.4285714
2252,87582035.04325578,2164817.765945028,36989239.9210755,12200561.040795332,79355461.33919504,38852229.57142854
2253,87882775.22182721,2172219.7067246106,37107073.38536209,12231434.880081046,79675304.93848582,39012502.71428567
2254,88183515.40039864,2179621.6475041932,37224906.84964868,12262308.71936676,79995148.53777659,39172775.857142806
2255,88484255.57897007,2187023.588283776,37342740.313935265,12293182.558652475,80314992.13706736,39333048.99999994
2256,88784995.75754151,2194425.5290633584,37460573.77822185,12324056.39793819,80634835.73635814,39493322.142857134
2257,89085735.93611294,2201827.469842941,37578407.24250844,12354930.237223905,80954679.33564891,39653595.28571427
2258,89386476.11468437,2209229.4106225236,37696240.70679503,12385804.07650962,81274522.93493968,39813868.4285714
2259,89687216.2932558,2216631.351402106,37814074.17108162,12416677.915795334,81594366.53423046,39974141.57142854
2260,89987956.47182724,2224033.292181689,37931907.635368206,12447551.755081048,81914210.13352123,40134414.71428567
2261,90288696.65039867,2231435.2329612714,38049741.099654794,12478425.594366763,82234053.732812,40294687.857142806
2262,90589436.8289701,2238837.173740854,38167574.56394138,12509299.433652477,82553897.33210278,40454960.99999994
2263,90890177.00754154,2246239.1145204366,38285408.02822797,12540173.272938192,82873740.93139355,40615234.142857134
2264,91190917.18611297,2253641.055300019,38403241.49251456,12571047.112223906,83193584.53068432,40775507.28571427
2265,91491657.3646844,2261042.996079602,38521074.956801146,12601920.951509621,83513428.1299751,40935780.4285714
2266,91792397.54325584,2268444.9368591844,38638908.421087734,12632794.790795336,83833271.72926587,41096053.57142854
2267,92093137.72182727,2275846.877638767,38756741.88537432,12663668.63008105,84153115.32855664,41256326.71428567
2268,92393877.9003987,2283248.8184183496,38874575.34966091,12694542.469366765,84472958.92784742,41416599.857142806
2269,92694618.07897013,2290650.759197932,38992408.8139475,12725416.30865248,84792802.52713819,41576872.99999994
2270,92995358.25754157,2298052.699977515,39110242.27823409,12756290.147938194,85112646.12642896,41737146.142857134
2271,93296098.436113,2305454.6407570974,39228075.742520675,12787163.987223908,85432489.72571974,41897419.28571427
2272,93596838.61468443,2312856.58153668,39345909.20680726,12818037.826509623,85752333.32501051,42057692.4285714
2273,93897578.79325587,2320258.5223162626,39463742.67109385,12848911.665795337,86072176.92430128,42217965.57142854
2274,94198318.9718273,2327660.463095845,39581576.13538044,12879785.505081052,86392020.52359205,42378238.71428567
2275,94499059.15039873,2335062.403875428,39699409.59966703,12910659.344366767,86711864.12288283,42538511.857142806
2276,94799799.32897016,2342464.3446550104,39817243.063953616,12941533.183652481,87031707.7221736,42698784.99999994
2277,95100539.5075416,2349866.285434593,39935076.528240204,12972407.022938196,87351551.32146437,42859058.142857134
2278,95401279.68611303,2357268.2262141756,40052909.99252679,13003280.86222391,87671394.92075515,43019331.28571427
2279,95702019.86468446,2364670.166993758,40170743.45681338,13034154.701509625,87991238.52004592,43179604.4285714
2280,96002760.0432559,2372072.107773341,40288576.92109997,13065028.54079534,88311082.1193367,43339877.57142854
2281,96303500.22182733,2379474.0485529234,40406410.38538656,13095902.380081054,88630925.71862747,43500150.71428567
2282,96604240.40039876,2386875.989332506,40524243.849673145,13126776.219366768,88950769.31791824,43660423.857142806
2283,96904980.5789702,2394277.9301120886,40642077.31395973,13157650.058652483,89270612.91720901,43820696.99999994
2284,97205720.75754163,2401679.870891671,40759910.77824632,13188523.897938197,89590456.51649979,43980970.142857134
2285,97506460.93611306,2409081.8116712538,40877744.24253291,13219397.737223912,89910300.11579056,44141243.28571427
2286,97807201.11468449,2416483.7524508364,40995577.7068195,13250271.576509627,90230143.71508133,44301516.4285714
2287,98107941.29325593,2423885.693230419,41113411.171106085,13281145.415795341,90549987.3143721,44461789.57142854
2288,98408681.47182736,2431287.6340100016,41231244.63539267,13312019.255081056,90869830.91366288,44622062.71428567
2289,98709421.65039879,2438689.574789584,41349078.09967926,13342893.09436677,91189674.51295365,44782335.857142806
2290,99010161.82897022,2446091.5155691667,41466911.56396585,13373766.933652485,91509518.11224443,44942608.99999994
2291,99310902.00754166,2453493.4563487493,41584745.02825244,13404640.7729382,91829361.7115352,45102882.142857134
2292,99611642.18611309,2460895.397128332,41702578.492539026,13435514.612223914,92149205.31082597,45263155.28571427
2293,99912382.36468452,2468297.3379079145,41820411.956825614,13466388.451509628,92469048.91011675,45423428.4285714
2294,100213122.54325595,2475699.278687497,41938245.4211122,13497262.290795343,92788892.50940752,45583701.57142854
2295,100513862.72182739,2483101.2194670797,42056078.88539879,13528136.130081058,93108736.1086983,45743974.71428567
2296,100814602.90039882,2490503.1602466623,42173912.34968538,13559009.969366772,93428579.70798907,45904247.857142806
2297,101115343.07897025,2497905.101026245,42291745.81397197,13589883.808652487,93748423.30727984,46064520.99999994
2298,101416083.25754169,2505307.0418058275,42409579.278258555,13620757.647938201,94068266.90657061,46224794.142857134
2299,101716823.43611312,2512708.98258541,42527412.74254514,13651631.487223916,94388110.50586139,46385067.28571427
2300,102017563.61468455,2520110.9233649927,42645246.20683173,13682505.32650963,94707954.10515216,46545340.4285714
2301,102318303.79325598,2527512.8641445753,42763079.67111832,13713379.165795345,95027797.70444293,46705613.57142854
2302,102619043.97182742,2534914.804924158,42880913.13540491,13744253.00508106,95347641.3037337,46865886.71428567
2303,102919784.15039885,2542316.7457037405,42998746.599691495,13775126.844366774,95667484.90302448,47026159.857142806
2304,103220524.32897028,2549718.686483323,43116580.06397808,13806000.683652489,95987328.50231525,47186432.99999994
2305,103521264.50754172,2557120.6272629057,43234413.52826467,13836874.522938203,96307172.10160603,47346706.142857134
2306,103822004.68611315,2564522.5680424883,43352246.99255126,13867748.362223918,96627015.7008968,47506979.28571427
2307,104122744.86468458,2571924.508822071,43470080.45683785,13898622.201509632,96946859.30018757,47667252.4285714
2308,104423485.04325601,2579326.4496016535,43587913.921124436,13929496.040795347,97266702.89947835,47827525.57142854
2309,104724225.22182745,2586728.390381236,43705747.385411024,13960369.880081061,97586546.49876912,47987798.71428567
2310,105024965.40039888,2594130.3311608187,43823580.84969761,13991243.719366776,97906390.0980599,48148071.857142806
2311,105325705.57897031,2601532.2719404013,43941414.3139842,14022117.55865249,98226233.69735067,48308344.99999994
2312,105626445.75754175,2608934.212719984,44059247.77827079,14052991.397938205,98546077.29664144,48468618.142857134
2313,105927185.93611318,2616336.1534995665,44177081.24255738,14083865.23722392,98865920.89593221,48628891.28571427
2314,106227926.11468461,2623738.094279149,44294914.706843965,14114739.076509634,99185764.49522299,48789164.4285714
2315,106528666.29325604,2631140.0350587317,44412748.17113055,14145612.915795349,99505608.09451376,48949437.57142854
2316,106829406.47182748,2638541.9758383143,44530581.63541714,14176486.755081063,99825451.69380453,49109710.71428567
2317,107130146.65039891,2645943.916617897,44648415.09970373,14207360.594366778,100145295.2930953,49269983.857142806
2318,107430886.82897034,2653345.8573974795,44766248.56399032,14238234.433652492,100465138.89238608,49430256.99999994
2319,107731627.00754178,2660747.798177062,44884082.028276905,14269108.272938207,100784982.49167685,49590530.142857134
2320,108032367.18611321,2668149.7389566447,45001915.49256349,14299982.112223921,101104826.09096763,49750803.28571427
2321,108333107.36468464,2675551.6797362273,45119748.95685008,14330855.951509636,101424669.6902584,49911076.4285714
2322,108633847.54325607,2682953.62051581,45237582.42113667,14361729.79079535,101744513.28954917,50071349.57142854
2323,108934587.7218275,2690355.5612953925,45355415.88542326,14392603.630081065,102064356.88883995,50231622.71428567
2324,109235327.90039894,2697757.502074975,45473249.349709846,14423477.46936678,102384200.48813072,50391895.857142806
2325,109536068.07897037,2705159.4428545577,45591082.813996434,14454351.308652494,102704044.08742149,50552168.99999994
2326,109836808.2575418,2712561.3836341402,45708916.27828302,14485225.147938209,103023887.68671227,50712442.142857134
2327,110137548.43611324,2719963.324413723,45826749.74256961,14516098.987223923,103343731.28600304,50872715.28571427
2328,110438288.61468467,2727365.2651933054,45944583.2068562,14546972.826509638,103663574.88529381,51032988.4285714
2329,110739028.7932561,2734767.205972888,46062416.67114279,14577846.665795352,103983418.48458458,51193261.57142854
2330,111039768.97182754,2742169.1467524706,46180250.135429375,14608720.505081067,104303262.08387536,51353534.71428567
2331,111340509.15039897,2749571.0875320532,46298083.59971596,14639594.344366781,104623105.68316613,51513807.857142806
2332,111641249.3289704,2756973.028311636,46415917.06400255,14670468.183652496,104942949.2824569,51674080.99999994
2333,111941989.50754184,2764374.9690912184,46533750.52828914,14701342.02293821,105262792.88174768,51834354.142857075
2334,112242729.68611327,2771776.909870801,46651583.99257573,14732215.862223925,105582636.48103845,51994627.28571427
2335,112543469.8646847,2779178.8506503836,46769417.456862316,14763089.70150964,105902480.08032922,52154900.4285714
2336,112844210.04325613,2786580.791429966,46887250.9211489,14793963.540795354,106222323.67962,52315173.57142854
2337,113144950.22182757,2793982.732209549,47005084.38543549,14824837.380081069,106542167.27891077,52475446.71428567
2338,113445690.400399,2801384.6729891314,47122917.84972208,14855711.219366783,106862010.87820154,52635719.857142806
2339,113746430.57897043,2808786.613768714,47240751.31400867,14886585.058652498,107181854.47749232,52795992.99999994
2340,114047170.75754187,2816188.5545482966,47358584.778295256,14917458.897938212,107501698.07678309,52956266.142857075
2341,114347910.9361133,2823590.495327879,47476418.242581844,14948332.737223927,107821541.67607386,53116539.28571427
2342,114648651.11468473,2830992.436107462,47594251.70686843,14979206.576509641,108141385.27536464,53276812.4285714
2343,114949391.29325616,2838394.3768870444,47712085.17115502,15010080.415795356,108461228.87465541,53437085.57142854
2344,115250131.4718276,2845796.317666627,47829918.63544161,15040954.25508107,108781072.47394618,53597358.71428567
2345,115550871.65039903,2853198.2584462096,47947752.0997282,15071828.094366785,109100916.07323696,53757631.857142806
2346,115851611.82897046,2860600.199225792,48065585.564014785,15102701.9336525,109420759.67252773,53917904.99999994
2347,116152352.0075419,2868002.140005375,48183419.02830137,15133575.772938214,109740603.2718185,54078178.142857075
2348,116453092.18611333,2875404.0807849574,48301252.49258796,15164449.612223929,110060446.87110928,54238451.28571427
2349,116753832.36468476,2882806.02156454,48419085.95687455,15195323.451509643,110380290.47040005,54398724.4285714
2350,117054572.5432562,2890207.9623441226,48536919.42116114,15226197.290795358,110700134.06969082,54558997.57142854
2351,117355312.72182763,2897609.903123705,48654752.885447726,15257071.130081072,111019977.6689816,54719270.71428567
2352,117656052.90039906,2905011.843903288,48772586.349734314,15287944.969366787,111339821.26827237,54879543.857142806
2353,117956793.07897049,2912413.7846828704,48890419.8140209,15318818.808652502,111659664.86756314,55039816.99999994
2354,118257533.25754192,2919815.725462453,49008253.27830749,15349692.647938216,111979508.46685392,55200090.142857075
2355,118558273.43611336,2927217.6662420356,49126086.74259408,15380566.48722393,112299352.06614469,55360363.28571427
2356,118859013.61468479,2934619.607021618,49243920.20688067,15411440.326509645,112619195.66543546,55520636.4285714
2357,119159753.79325622,2942021.5478012008,49361753.671167254,15442314.16579536,112939039.26472624,55680909.57142854
2358,119460493.97182766,2949423.4885807834,49479587.13545384,15473188.005081074,113258882.86401701,55841182.71428567
2359,119761234.15039909,2956825.429360366,49597420.59974043,15504061.844366789,113578726.46330778,56001455.857142806
2360,120061974.32897052,2964227.3701399486,49715254.06402702,15534935.683652503,113898570.06259856,56161728.99999994
2361,120362714.50754195,2971629.310919531,49833087.52831361,15565809.522938218,114218413.66188933,56322002.142857075
2362,120663454.68611339,2979031.2516991138,49950920.992600195,15596683.362223933,114538257.2611801,56482275.28571427
2363,120964194.86468482,2986433.1924786964,50068754.45688678,15627557.201509647,114858100.86047088,56642548.4285714
2364,121264935.04325625,2993835.133258279,50186587.92117337,15658431.040795362,115177944.45976165,56802821.57142854
2365,121565675.22182769,3001237.0740378615,50304421.38545996,15689304.880081076,115497788.05905242,56963094.71428567
2366,121866415.40039912,3008639.014817444,50422254.84974655,15720178.71936679,115817631.6583432,57123367.857142806
2367,122167155.57897055,3016040.9555970267,50540088.314033136,15751052.558652505,116137475.25763397,57283640.99999994
2368,122467895.75754198,3023442.8963766093,50657921.778319724,15781926.39793822,116457318.85692474,57443914.142857075
2369,122768635.93611342,3030844.837156192,50775755.24260631,15812800.237223934,116777162.45621552,57604187.28571427
2370,123069376.11468485,3038246.7779357745,50893588.7068929,15843674.076509649,117097006.05550629,57764460.4285714
2371,123370116.29325628,3045648.718715357,51011422.17117949,15874547.915795363,117416849.65479706,57924733.57142854
2372,123670856.47182772,3053050.6594949397,51129255.63546608,15905421.755081078,117736693.25408784,58085006.71428567
2373,123971596.65039915,3060452.6002745223,51247089.099752665,15936295.594366793,118056536.85337861,58245279.857142806
2374,124272336.82897058,3067854.541054105,51364922.56403925,15967169.433652507,118376380.45266938,58405552.99999994
2375,124573077.00754201,3075256.4818336875,51482756.02832584,15998043.272938222,118696224.05196016,58565826.142857075
2376,124873817.18611345,3082658.42261327,51600589.49261243,16028917.112223936,119016067.65125093,58726099.28571427
2377,125174557.36468488,3090060.3633928527,51718422.95689902,16059790.95150965,119335911.2505417,58886372.4285714
2378,125475297.54325631,3097462.3041724353,51836256.421185605,16090664.790795365,119655754.84983248,59046645.57142854
2379,125776037.72182775,3104864.244952018,51954089.88547219,16121538.63008108,119975598.44912325,59206918.71428567
2380,126076777.90039918,3112266.1857316005,52071923.34975878,16152412.469366794,120295442.04841402,59367191.857142806
2381,126377518.07897061,3119668.126511183,52189756.81404537,16183286.308652509,120615285.6477048,59527464.99999994
2382,126678258.25754204,3127070.0672907657,52307590.27833196,16214160.147938224,120935129.24699557,59687738.142857075
2383,126978998.43611348,3134472.0080703483,52425423.742618546,16245033.987223938,121254972.84628634,59848011.28571427
2384,127279738.61468491,3141873.948849931,52543257.206905134,16275907.826509653,121574816.44557711,60008284.4285714
2385,127580478.79325634,3149275.8896295135,52661090.67119172,16306781.665795367,121894660.04486789,60168557.57142854
2386,127881218.97182778,3156677.830409096,52778924.13547831,16337655.505081082,122214503.64415866,60328830.71428567
2387,128181959.15039921,3164079.7711886787,52896757.5997649,16368529.344366796,122534347.24344943,60489103.857142806
2388,128482699.32897064,3171481.7119682613,53014591.06405149,16399403.18365251,122854190.84274021,60649376.99999994
2389,128783439.50754207,3178883.652747844,53132424.528338075,16430277.022938225,123174034.44203098,60809650.142857075
2390,129084179.6861135,3186285.5935274265,53250257.99262466,16461150.86222394,123493878.04132175,60969923.28571427
2391,129384919.86468494,3193687.534307009,53368091.45691125,16492024.701509655,123813721.64061253,61130196.4285714
2392,129685660.04325637,3201089.4750865917,53485924.92119784,16522898.54079537,124133565.2399033,61290469.57142854
2393,129986400.2218278,3208491.4158661743,53603758.38548443,16553772.380081084,124453408.83919407,61450742.71428567
2394,130287140.40039924,3215893.356645757,53721591.849771015,16584646.219366798,124773252.43848485,61611015.857142806
2395,130587880.57897067,3223295.2974253395,53839425.3140576,16615520.058652513,125093096.03777562,61771288.99999994
2396,130888620.7575421,3230697.238204922,53957258.77834419,16646393.897938227,125412939.6370664,61931562.142857075
2397,131189360.93611354,3238099.1789845047,54075092.24263078,16677267.737223942,125732783.23635717,62091835.28571427
2398,131490101.11468497,3245501.1197640873,54192925.70691737,16708141.576509656,126052626.83564794,62252108.4285714
2399,131790841.2932564,3252903.06054367,54310759.171203956,16739015.415795371,126372470.43493871,62412381.57142854
2400,132091581.47182783,3260305.0013232525,54428592.635490544,16769889.255081085,126692314.03422949,62572654.71428567
2401,132392321.65039927,3267706.942102835,54546426.09977713,16800763.0943668,127012157.63352026,62732927.857142806
2402,132693061.8289707,3275108.8828824176,54664259.56406372,16831636.933652513,127332001.23281103,62893200.99999994
2403,132993802.00754213,3282510.8236620002,54782093.02835031,16862510.772938225,127651844.8321018,63053474.142857075
2404,133294542.18611357,3289912.764441583,54899926.4926369,16893384.612223938,127971688.43139258,63213747.28571427
2405,133595282.364685,3297314.7052211654,55017759.956923485,16924258.45150965,128291532.03068335,63374020.4285714
2406,133896022.54325643,3304716.646000748,55135593.42121007,16955132.290795363,128611375.62997413,63534293.57142854
2407,134196762.72182786,3312118.5867803306,55253426.88549666,16986006.130081076,128931219.2292649,63694566.71428567
2408,134497502.9003993,3319520.527559913,55371260.34978325,17016879.96936679,129251062.82855567,63854839.857142806
2409,134798243.07897073,3326922.468339496,55489093.81406984,17047753.8086525,129570906.42784645,64015112.99999994
2410,135098983.25754216,3334324.4091190784,55606927.278356425,17078627.647938214,129890750.02713722,64175386.142857075
2411,135399723.4361136,3341726.349898661,55724760.74264301,17109501.487223927,130210593.626428,64335659.28571427
2412,135700463.61468503,3349128.2906782436,55842594.2069296,17140375.32650964,130530437.22571877,64495932.4285714
2413,136001203.79325646,3356530.231457826,55960427.67121619,17171249.165795352,130850280.82500954,64656205.57142854
2414,136301943.9718279,3363932.172237409,56078261.13550278,17202123.005081065,131170124.42430031,64816478.71428567
2415,136602684.15039933,3371334.1130169914,56196094.599789366,17232996.844366778,131489968.02359109,64976751.857142806
2416,136903424.32897076,3378736.053796574,56313928.064075954,17263870.68365249,131809811.62288186,65137024.99999994
2417,137204164.5075422,3386137.9945761566,56431761.52836254,17294744.522938203,132129655.22217263,65297298.142857075
2418,137504904.68611363,3393539.935355739,56549594.99264913,17325618.362223916,132449498.8214634,65457571.28571427
2419,137805644.86468506,3400941.876135322,56667428.45693572,17356492.20150963,132769342.42075418,65617844.4285714
2420,138106385.0432565,3408343.8169149044,56785261.92122231,17387366.04079534,133089186.02004495,65778117.57142854
2421,138407125.22182792,3415745.757694487,56903095.385508895,17418239.880081054,133409029.61933573,65938390.71428567
2422,138707865.40039936,3423147.6984740696,57020928.84979548,17449113.719366767,133728873.2186265,66098663.857142806
2423,139008605.5789708,3430549.639253652,57138762.31408207,17479987.55865248,134048716.81791727,66258936.99999994
2424,139309345.75754222,3437951.580033235,57256595.77836866,17510861.397938192,134368560.41720805,66419210.142857075
2425,139610085.93611366,3445353.5208128174,57374429.24265525,17541735.237223905,134688404.0164988,66579483.28571427
2426,139910826.1146851,3452755.4615924,57492262.706941836,17572609.076509617,135008247.61578956,66739756.4285714
2427,140211566.29325652,3460157.4023719826,57610096.17122842,17603482.91579533,135328091.21508032,66900029.57142854
2428,140512306.47182795,3467559.343151565,57727929.63551501,17634356.755081043,135647934.81437108,67060302.71428567
2429,140813046.6503994,3474961.283931148,57845763.0998016,17665230.594366755,135967778.41366184,67220575.8571428
2430,141113786.82897082,3482363.2247107304,57963596.56408819,17696104.433652468,136287622.0129526,67380848.99999994
2431,141414527.00754225,3489765.165490313,58081430.028374776,17726978.27293818,136607465.61224335,67541122.14285707
2432,141715267.1861137,3497167.1062698956,58199263.492661364,17757852.112223893,136927309.2115341,67701395.28571427
2433,142016007.36468512,3504569.047049478,58317096.95694795,17788725.951509606,137247152.81082487,67861668.4285714
2434,142316747.54325655,3511970.9878290608,58434930.42123454,17819599.79079532,137566996.41011563,68021941.57142854
2435,142617487.72182798,3519372.9286086434,58552763.88552113,17850473.63008103,137886840.0094064,68182214.71428567
2436,142918227.90039942,3526774.869388226,58670597.34980772,17881347.469366744,138206683.60869715,68342487.8571428
2437,143218968.07897085,3534176.8101678086,58788430.814094305,17912221.308652457,138526527.2079879,68502760.99999994
2438,143519708.25754228,3541578.750947391,58906264.27838089,17943095.14793817,138846370.80727866,68663034.14285707
2439,143820448.43611372,3548980.6917269737,59024097.74266748,17973968.987223882,139166214.40656942,68823307.28571427
2440,144121188.61468515,3556382.6325065563,59141931.20695407,18004842.826509595,139486058.00586018,68983580.4285714
2441,144421928.79325658,3563784.573286139,59259764.67124066,18035716.665795308,139805901.60515094,69143853.57142854
2442,144722668.971828,3571186.5140657215,59377598.135527246,18066590.50508102,140125745.2044417,69304126.71428567
2443,145023409.15039945,3578588.454845304,59495431.599813834,18097464.344366733,140445588.80373245,69464399.8571428
2444,145324149.32897088,3585990.3956248867,59613265.06410042,18128338.183652446,140765432.4030232,69624672.99999994
2445,145624889.5075423,3593392.3364044693,59731098.52838701,18159212.02293816,141085276.00231397,69784946.14285707
2446,145925629.68611374,3600794.277184052,59848931.9926736,18190085.86222387,141405119.60160473,69945219.28571427
2447,146226369.86468518,3608196.2179636345,59966765.45696019,18220959.701509584,141724963.2008955,70105492.4285714
2448,146527110.0432566,3615598.158743217,60084598.921246774,18251833.540795296,142044806.80018625,70265765.57142854
2449,146827850.22182804,3623000.0995227997,60202432.38553336,18282707.38008101,142364650.399477,70426038.71428567
2450,147128590.40039948,3630402.0403023823,60320265.84981995,18313581.21936672,142684493.99876776,70586311.8571428
2451,147429330.5789709,3637803.981081965,60438099.31410654,18344455.058652434,143004337.59805852,70746584.99999994
2452,147730070.75754234,3645205.9218615475,60555932.77839313,18375328.897938147,143324181.19734928,70906858.14285707
2453,148030810.93611377,3652607.86264113,60673766.242679715,18406202.73722386,143644024.79664004,71067131.28571427
2454,148331551.1146852,3660009.8034207127,60791599.7069663,18437076.576509573,143963868.3959308,71227404.4285714
2455,148632291.29325664,3667411.7442002953,60909433.17125289,18467950.415795285,144283711.99522156,71387677.57142854
2456,148933031.47182807,3674813.684979878,61027266.63553948,18498824.255080998,144603555.5945123,71547950.71428567
2457,149233771.6503995,3682215.6257594605,61145100.09982607,18529698.09436671,144923399.19380307,71708223.8571428
2458,149534511.82897094,3689617.566539043,61262933.564112656,18560571.933652423,145243242.79309383,71868496.99999994
2459,149835252.00754237,3697019.5073186257,61380767.028399244,18591445.772938136,145563086.3923846,72028770.14285707
2460,150135992.1861138,3704421.4480982083,61498600.49268583,18622319.61222385,145882929.99167535,72189043.28571427
2461,150436732.36468524,3711823.388877791,61616433.95697242,18653193.45150956,146202773.5909661,72349316.4285714
2462,150737472.54325667,3719225.3296573735,61734267.42125901,18684067.290795274,146522617.19025686,72509589.57142854
2463,151038212.7218281,3726627.270436956,61852100.8855456,18714941.130080987,146842460.78954762,72669862.71428567
2464,151338952.90039954,3734029.2112165387,61969934.349832185,18745814.9693667,147162304.38883838,72830135.8571428
2465,151639693.07897097,3741431.1519961213,62087767.81411877,18776688.808652412,147482147.98812914,72990408.99999994
2466,151940433.2575424,3748833.092775704,62205601.27840536,18807562.647938125,147801991.5874199,73150682.14285707
2467,152241173.43611383,3756235.0335552865,62323434.74269195,18838436.487223838,148121835.18671066,73310955.28571427
2468,152541913.61468527,3763636.974334869,62441268.20697854,18869310.32650955,148441678.7860014,73471228.4285714
2469,152842653.7932567,3771038.9151144517,62559101.671265125,18900184.165795263,148761522.38529217,73631501.57142854
2470,153143393.97182813,3778440.8558940343,62676935.13555171,18931058.005080976,149081365.98458293,73791774.71428567
2471,153444134.15039957,3785842.796673617,62794768.5998383,18961931.84436669,149401209.5838737,73952047.8571428
2472,153744874.328971,3793244.7374531995,62912602.06412489,18992805.6836524,149721053.18316445,74112320.99999994
2473,154045614.50754243,3800646.678232782,63030435.52841148,19023679.522938114,150040896.7824552,74272594.14285707
2474,154346354.68611386,3808048.6190123647,63148268.992698066,19054553.362223826,150360740.38174596,74432867.28571427
2475,154647094.8646853,3815450.5597919472,63266102.456984654,19085427.20150954,150680583.98103672,74593140.4285714
2476,154947835.04325673,3822852.50057153,63383935.92127124,19116301.04079525,151000427.58032748,74753413.57142854
2477,155248575.22182816,3830254.4413511124,63501769.38555783,19147174.880080964,151320271.17961824,74913686.71428567
2478,155549315.4003996,3837656.382130695,63619602.84984442,19178048.719366677,151640114.778909,75073959.8571428
2479,155850055.57897103,3845058.3229102776,63737436.31413101,19208922.55865239,151959958.37819976,75234232.99999994
2480,156150795.75754246,3852460.2636898602,63855269.778417595,19239796.397938102,152279801.9774905,75394506.14285707
2481,156451535.9361139,3859862.204469443,63973103.24270418,19270670.237223815,152599645.57678127,75554779.28571427
2482,156752276.11468533,3867264.1452490254,64090936.70699077,19301544.076509528,152919489.17607203,75715052.4285714
2483,157053016.29325676,3874666.086028608,64208770.17127736,19332417.91579524,153239332.7753628,75875325.57142854
2484,157353756.4718282,3882068.0268081906,64326603.63556395,19363291.755080953,153559176.37465355,76035598.71428567
2485,157654496.65039963,3889469.967587773,64444437.099850535,19394165.594366666,153879019.9739443,76195871.8571428
2486,157955236.82897106,3896871.908367356,64562270.56413712,19425039.43365238,154198863.57323506,76356144.99999994
2487,158255977.0075425,3904273.8491469384,64680104.02842371,19455913.27293809,154518707.17252582,76516418.14285707
2488,158556717.18611392,3911675.789926521,64797937.4927103,19486787.112223804,154838550.77181658,76676691.28571427
2489,158857457.36468536,3919077.7307061036,64915770.95699689,19517660.951509517,155158394.37110734,76836964.4285714
2490,159158197.5432568,3926479.671485686,65033604.421283476,19548534.79079523,155478237.9703981,76997237.57142854
2491,159458937.72182822,3933881.612265269,65151437.885570064,19579408.630080942,155798081.56968886,77157510.71428567
2492,159759677.90039966,3941283.5530448514,65269271.34985665,19610282.469366655,156117925.16897961,77317783.8571428
2493,160060418.0789711,3948685.493824434,65387104.81414324,19641156.308652367,156437768.76827037,77478056.99999994
2494,160361158.25754252,3956087.4346040166,65504938.27842983,19672030.14793808,156757612.36756113,77638330.14285707
2495,160661898.43611395,3963489.375383599,65622771.74271642,19702903.987223793,157077455.9668519,77798603.28571427
2496,160962638.6146854,3970891.316163182,65740605.207003005,19733777.826509506,157397299.56614265,77958876.4285714
2497,161263378.79325682,3978293.2569427644,65858438.67128959,19764651.66579522,157717143.1654334,78119149.57142854
2498,161564118.97182825,3985695.197722347,65976272.13557618,19795525.50508093,158036986.76472417,78279422.71428567
2499,161864859.15039968,3993097.1385019296,66094105.59986277,19826399.344366644,158356830.36401492,78439695.8571428
2500,162165599.32897112,4000499.079281512,66211939.06414936,19857273.183652356,158676673.96330568,78599968.99999994
2501,162466339.50754255,4007901.020061095,66329772.528435946,19888147.02293807,158996517.56259644,78760242.14285707
2502,162767079.68611398,4015302.9608406774,66447605.99272253,19919020.86222378,159316361.1618872,78920515.28571427
2503,163067819.86468542,4022704.90162026,66565439.45700912,19949894.701509494,159636204.76117796,79080788.4285714
2504,163368560.04325685,4030106.8423998426,66683272.92129571,19980768.540795207,159956048.36046872,79241061.57142854
2505,163669300.22182828,4037508.783179425,66801106.3855823,20011642.38008092,160275891.95975947,79401334.71428567
2506,163970040.4003997,4044910.7239590078,66918939.849868886,20042516.219366632,160595735.55905023,79561607.8571428
2507,164270780.57897115,4052312.6647385904,67036773.314155474,20073390.058652345,160915579.158341,79721880.99999994
2508,164571520.75754258,4059714.605518173,67154606.77844205,20104263.897938058,161235422.75763175,79882154.14285707
2509,164872260.936114,4067116.5462977556,67272440.24272864,20135137.73722377,161555266.3569225,80042427.28571427
2510,165173001.11468545,4074518.487077338,67390273.70701522,20166011.576509483,161875109.95621327,80202700.4285714
2511,165473741.29325688,4081920.4278569208,67508107.1713018,20196885.415795196,162194953.55550402,80362973.57142854
2512,165774481.4718283,4089322.3686365033,67625940.63558838,20227759.25508091,162514797.15479478,80523246.71428567
2513,166075221.65039974,4096724.309416086,67743774.09987496,20258633.09436662,162834640.75408554,80683519.8571428
2514,166375961.82897118,4104126.2501956685,67861607.56416154,20289506.933652334,163154484.3533763,80843792.99999994
2515,166676702.0075426,4111528.190975251,67979441.02844812,20320380.772938047,163474327.95266706,81004066.14285707
2516,166977442.18611404,4118930.1317548337,68097274.4927347,20351254.61222376,163794171.55195782,81164339.28571421
